run_id,run_mode,backtest_start_date,backtest_end_date,report_generated_at_utc,date,selected_count,selected_stocks,top_k_avg_forward_return,universe_avg_forward_return,top_k_minus_universe,top_k_minus_sector_median,intra_sector_dispersion,top_bottom_spread,precision_at_k,rank_ic,stability,within_sector_ic,within_sector_ic_weighted,within_sector_top_bottom_spread,within_sector_top_bottom_spread_weighted,within_sector_top_k_minus_sector_median,within_sector_top_k_minus_sector_median_weighted
optimizer_only_2013_01_01_2026_04_17_20260421T171734Z,optimizer_only,2013-01-01,2026-04-17,2026-04-21T17:17:34Z,2015-01-01,4,MARUTI.NS|ITC.NS|HDFCBANK.NS|ULTRACEMCO.NS,0.11263196703544581,0.0665155253094561,0.04611644172598971,0.01825249507779866,0.0685236407120773,0.0668066421657782,1.0,0.39999999999999997,,,,,,,
optimizer_only_2013_01_01_2026_04_17_20260421T171734Z,optimizer_only,2013-01-01,2026-04-17,2026-04-21T17:17:34Z,2015-01-29,2,MARUTI.NS|HDFCBANK.NS,-0.051976822157173586,-0.005659515111872306,-0.04631730704530128,0.009423276074899217,0.041880267413191265,0.0001178896881717309,0.0,0.9999999999999999,0.5,,,,,,
optimizer_only_2013_01_01_2026_04_17_20260421T171734Z,optimizer_only,2013-01-01,2026-04-17,2026-04-21T17:17:34Z,2015-02-26,3,MARUTI.NS|ITC.NS|SUNPHARMA.NS,0.00682245814750181,-0.014410432403312816,0.021232890550814627,-0.007570791441901352,0.05248171321689519,0.3722700843128271,0.6666666666666666,1.0,0.25,,,,,,
optimizer_only_2013_01_01_2026_04_17_20260421T171734Z,optimizer_only,2013-01-01,2026-04-17,2026-04-21T17:17:34Z,2015-03-26,5,TCS.NS|INFY.NS|ITC.NS|SUNPHARMA.NS|RELIANCE.NS,0.0003448107383611801,0.022304704542064964,-0.021959893803703785,-0.014623104218802797,0.0586046403477438,-0.00720204387475289,0.4,-0.3,0.3333333333333333,-0.9999999999999999,-0.9999999999999999,-0.010878522646098083,-0.010878522646098083,-0.00543926132304904,-0.00543926132304904
optimizer_only_2013_01_01_2026_04_17_20260421T171734Z,optimizer_only,2013-01-01,2026-04-17,2026-04-21T17:17:34Z,2015-04-23,3,ITC.NS|TCS.NS|INFY.NS,-0.012548889011676306,0.012368520677448529,-0.024917409689124835,-0.044782225403391135,0.04711915640614842,0.0829540445935473,0.3333333333333333,1.0,0.6,0.9999999999999999,0.9999999999999999,0.07464462578930173,0.07464462578930173,0.037322312894650864,0.037322312894650864
optimizer_only_2013_01_01_2026_04_17_20260421T171734Z,optimizer_only,2013-01-01,2026-04-17,2026-04-21T17:17:34Z,2015-05-21,3,ITC.NS|TCS.NS|INFY.NS,-0.022127750388510073,-0.01759867751576162,-0.004529072872748452,-0.003165709511376067,0.0655105592924307,0.057957763211999844,0.0,1.0,1.0,0.9999999999999999,0.9999999999999999,0.006159890248432863,0.006159890248432863,0.0030799451242164316,0.0030799451242164316
optimizer_only_2013_01_01_2026_04_17_20260421T171734Z,optimizer_only,2013-01-01,2026-04-17,2026-04-21T17:17:34Z,2015-06-18,4,TATASTEEL.NS|MARUTI.NS|RELIANCE.NS|ITC.NS,0.026396601383519926,0.05765301673360069,-0.031256415350080766,-0.0063270303701602,0.06398096164435732,-0.08248407534210885,0.75,-0.7999999999999999,0.16666666666666666,,,,,,
optimizer_only_2013_01_01_2026_04_17_20260421T171734Z,optimizer_only,2013-01-01,2026-04-17,2026-04-21T17:17:34Z,2015-07-16,4,RELIANCE.NS|SUNPHARMA.NS|TATASTEEL.NS|MARUTI.NS,-0.055694676867606666,-0.017427369094228665,-0.038267307773378,0.010356049293117831,0.07223981460712361,0.043050515859218715,0.25,-0.39999999999999997,0.6,,,,,,
optimizer_only_2013_01_01_2026_04_17_20260421T171734Z,optimizer_only,2013-01-01,2026-04-17,2026-04-21T17:17:34Z,2015-08-13,4,TATASTEEL.NS|SUNPHARMA.NS|INFY.NS|TCS.NS,-0.029425857961996593,-0.05277921045753224,0.023353352495535648,0.014686974190404146,0.06133710470634039,0.0201361982871799,0.25,-0.39999999999999997,0.3333333333333333,-0.9999999999999999,-0.9999999999999999,-0.032745083882737905,-0.032745083882737905,-0.016372541941368952,-0.016372541941368952
optimizer_only_2013_01_01_2026_04_17_20260421T171734Z,optimizer_only,2013-01-01,2026-04-17,2026-04-21T17:17:34Z,2015-09-10,2,SUNPHARMA.NS|TATASTEEL.NS,0.04647361246664139,0.042689182182048396,0.0037844302845929934,0.009993774303053466,0.05923827873721234,-0.0879510371769874,1.0,-0.9999999999999999,0.5,,,,,,
optimizer_only_2013_01_01_2026_04_17_20260421T171734Z,optimizer_only,2013-01-01,2026-04-17,2026-04-21T17:17:34Z,2015-10-08,4,TATASTEEL.NS|SUNPHARMA.NS|MARUTI.NS|RELIANCE.NS,-0.019185000697033,-0.0036336385971280282,-0.015551362099904972,-0.022585179321421085,0.056595270872821825,0.02784134881684198,0.5,0.39999999999999997,0.5,,,,,,
optimizer_only_2013_01_01_2026_04_17_20260421T171734Z,optimizer_only,2013-01-01,2026-04-17,2026-04-21T17:17:34Z,2015-11-05,5,INFY.NS|TCS.NS|SUNPHARMA.NS|MARUTI.NS|TATASTEEL.NS,-0.026530951516130614,0.008766957409312444,-0.03529790892544306,-0.027930251066942746,0.06392593558763494,0.03372573876891023,0.4,-0.09999999999999999,0.5,-0.9999999999999999,-0.9999999999999999,-0.004890382778262856,-0.004890382778262856,-0.002445191389131428,-0.002445191389131428
optimizer_only_2013_01_01_2026_04_17_20260421T171734Z,optimizer_only,2013-01-01,2026-04-17,2026-04-21T17:17:34Z,2015-12-03,3,HDFCBANK.NS|INFY.NS|TCS.NS,0.02889679026645101,0.01559103490769335,0.01330575535875766,0.03505222794771253,0.04473097860154588,-0.031611868921600735,1.0,-0.5,0.3333333333333333,0.9999999999999999,0.9999999999999999,0.008421598268207445,0.008421598268207445,0.004210799134103722,0.004210799134103722
optimizer_only_2013_01_01_2026_04_17_20260421T171734Z,optimizer_only,2013-01-01,2026-04-17,2026-04-21T17:17:34Z,2015-12-31,3,HDFCBANK.NS|TCS.NS|INFY.NS,-0.021923218651898387,-0.0778278952429995,0.05590467659110111,0.0376879311546797,0.044266559652393955,-0.0685126360906463,0.3333333333333333,-1.0,1.0,-0.9999999999999999,-0.9999999999999999,-0.06293465831484571,-0.06293465831484571,-0.031467329157422855,-0.031467329157422855
optimizer_only_2013_01_01_2026_04_17_20260421T171734Z,optimizer_only,2013-01-01,2026-04-17,2026-04-21T17:17:34Z,2016-01-28,24,NAVINFLUOR.NS|AARTIIND.NS|VINATIORGA.NS|PIIND.NS|SRF.NS|TATAELXSI.NS|COFORGE.NS|MPHASIS.NS|INFY.NS|HCLTECH.NS|MARICO.NS|HINDUNILVR.NS|GODREJCP.NS|COLPAL.NS|DABUR.NS|PRESTIGE.NS|OBEROIRLTY.NS|GODREJPROP.NS|DLF.NS|RAMCOCEM.NS|ULTRACEMCO.NS|GRASIM.NS|AMBUJACEM.NS|ACC.NS,-0.06377789379225311,-0.05324875723109882,-0.010529136561154291,-0.0026404919349182015,0.05320858831223124,0.0040234411120973965,0.16666666666666666,-0.025217391304347827,0.038461538461538464,-0.22000000000000003,-0.22083333333333333,-0.017684313807731927,-0.01750080837846255,-0.016610727672359465,-0.01638248948744957
optimizer_only_2013_01_01_2026_04_17_20260421T171734Z,optimizer_only,2013-01-01,2026-04-17,2026-04-21T17:17:34Z,2016-02-25,25,BAJFINANCE.NS|MUTHOOTFIN.NS|CHOLAFIN.NS|LICHSGFIN.NS|BAJAJFINSV.NS|JSWSTEEL.NS|TATASTEEL.NS|NMDC.NS|HINDALCO.NS|COALINDIA.NS|ULTRACEMCO.NS|RAMCOCEM.NS|AMBUJACEM.NS|SHREECEM.NS|ACC.NS|INFY.NS|TATAELXSI.NS|WIPRO.NS|HCLTECH.NS|PERSISTENT.NS|EICHERMOT.NS|HEROMOTOCO.NS|BAJAJ-AUTO.NS|TVSMOTOR.NS|M&M.NS,0.1138062209092177,0.10268680460833775,0.011119416300879953,-0.013629787160700055,0.06159780563795242,-0.020535751665897065,0.96,-0.07307692307692308,0.16666666666666666,-0.15999999999999998,-0.15999999999999998,-0.03111997864612564,-0.03111997864612564,-0.016723408743174396,-0.016723408743174396
optimizer_only_2013_01_01_2026_04_17_20260421T171734Z,optimizer_only,2013-01-01,2026-04-17,2026-04-21T17:17:34Z,2016-03-28,22,BALAMINES.NS|SRF.NS|AARTIIND.NS|PIIND.NS|VINATIORGA.NS|BAJFINANCE.NS|CHOLAFIN.NS|MUTHOOTFIN.NS|LICHSGFIN.NS|BAJAJFINSV.NS|GAIL.NS|RELIANCE.NS|PETRONET.NS|BPCL.NS|ONGC.NS|FORTIS.NS|APOLLOHOSP.NS|ASHOKLEY.NS|EICHERMOT.NS|HEROMOTOCO.NS|TVSMOTOR.NS|M&M.NS,0.06564715885876864,0.06176917315408427,0.003877985704684367,-0.0050637144559251175,0.04262481867419187,-0.029301791632059364,0.9090909090909091,-0.27950310559006214,0.23684210526315788,0.059999999999999984,-0.06818181818181819,-0.006735903996343289,-0.009464735393434572,-0.014174965947113868,-0.017013065365969814
optimizer_only_2013_01_01_2026_04_17_20260421T171734Z,optimizer_only,2013-01-01,2026-04-17,2026-04-21T17:17:34Z,2016-04-21,22,CHOLAFIN.NS|BAJFINANCE.NS|MUTHOOTFIN.NS|LICHSGFIN.NS|BAJAJFINSV.NS|BALAMINES.NS|SRF.NS|AARTIIND.NS|PIIND.NS|NAVINFLUOR.NS|FORTIS.NS|APOLLOHOSP.NS|BPCL.NS|PETRONET.NS|GAIL.NS|IOC.NS|RELIANCE.NS|HEROMOTOCO.NS|EICHERMOT.NS|ASHOKLEY.NS|TVSMOTOR.NS|M&M.NS,0.0006124609816637628,-0.00980794341381384,0.010420404395477603,0.0021967946158815105,0.06403347357743032,-0.013135318985961687,0.4090909090909091,-0.0942970073404856,0.8333333333333334,-0.039999999999999994,0.0909090909090909,0.015105584993919705,0.019833265752480848,0.0134644053452334,0.016634374749278546
optimizer_only_2013_01_01_2026_04_17_20260421T171734Z,optimizer_only,2013-01-01,2026-04-17,2026-04-21T17:17:34Z,2016-05-19,22,FORTIS.NS|APOLLOHOSP.NS|ZYDUSLIFE.NS|TORNTPHARM.NS|DIVISLAB.NS|BIOCON.NS|GLENMARK.NS|PERSISTENT.NS|HCLTECH.NS|TECHM.NS|COFORGE.NS|MPHASIS.NS|BAJAJFINSV.NS|BAJFINANCE.NS|LICHSGFIN.NS|CHOLAFIN.NS|MUTHOOTFIN.NS|SIEMENS.NS|LT.NS|AIAENG.NS|BHEL.NS|ADANIPORTS.NS,0.063227301132582,0.04845740285125416,0.01476989828132784,0.038715101007020636,0.07106469756826553,-0.013453730364266343,0.6818181818181818,-0.2648221343873518,0.1891891891891892,-0.45999999999999985,-0.3863636363636363,-0.05893988529917392,-0.06265492017257572,-0.01681988194114305,-0.016952391099419775
optimizer_only_2013_01_01_2026_04_17_20260421T171734Z,optimizer_only,2013-01-01,2026-04-17,2026-04-21T17:17:34Z,2016-06-16,22,HCLTECH.NS|PERSISTENT.NS|MPHASIS.NS|TCS.NS|TATAELXSI.NS|ONGC.NS|RELIANCE.NS|BPCL.NS|GAIL.NS|PETRONET.NS|FORTIS.NS|APOLLOHOSP.NS|AIAENG.NS|ABB.NS|CUMMINSIND.NS|BHEL.NS|NTPC.NS|SRF.NS|AARTIIND.NS|NAVINFLUOR.NS|BALAMINES.NS|VINATIORGA.NS,0.035122837723385994,0.06071386903964481,-0.025591031316258818,-0.001634822953226405,0.042211635081234426,-0.03110597475508321,0.7272727272727273,-0.31451157538114066,0.1891891891891892,-0.11999999999999997,2.5232341468753557e-17,-0.0270432907420121,-0.02029715393212964,-0.008766101309748706,-0.004744549623726931
optimizer_only_2013_01_01_2026_04_17_20260421T171734Z,optimizer_only,2013-01-01,2026-04-17,2026-04-21T17:17:34Z,2016-07-14,25,PERSISTENT.NS|MPHASIS.NS|HCLTECH.NS|TATAELXSI.NS|TCS.NS|RELIANCE.NS|IOC.NS|PETRONET.NS|GAIL.NS|BPCL.NS|AIAENG.NS|CUMMINSIND.NS|BHEL.NS|ABB.NS|SIEMENS.NS|SRF.NS|AARTIIND.NS|PIIND.NS|BALAMINES.NS|NAVINFLUOR.NS|HDFCBANK.NS|AXISBANK.NS|KOTAKBANK.NS|INDUSINDBK.NS|SBIN.NS,0.0458263645519476,0.035359787285115594,0.010466577266832006,0.016501642062234034,0.06210606594269331,0.005218531284446083,0.68,-0.01769230769230769,0.5666666666666667,0.18,0.18,0.035467009566847965,0.03546700956684798,0.02425130562128918,0.024251305621289177
optimizer_only_2013_01_01_2026_04_17_20260421T171734Z,optimizer_only,2013-01-01,2026-04-17,2026-04-21T17:17:34Z,2016-08-11,22,PIIND.NS|SRF.NS|VINATIORGA.NS|AARTIIND.NS|DEEPAKNTR.NS|FORTIS.NS|APOLLOHOSP.NS|JINDALSTEL.NS|NMDC.NS|JSWSTEEL.NS|COALINDIA.NS|VEDL.NS|ACC.NS|RAMCOCEM.NS|GRASIM.NS|SHREECEM.NS|AMBUJACEM.NS|LT.NS|AIAENG.NS|NTPC.NS|SIEMENS.NS|BHEL.NS,0.06933644292647778,0.051976420807894476,0.017360022118583306,0.010156436534844963,0.04956320109538364,-0.03630230696255287,0.8636363636363636,-0.30321852060982496,0.14634146341463414,-0.31999999999999995,-0.22727272727272724,-0.015587737259269967,-0.012872119405484045,-0.00017307783897433233,0.002223929832099625
optimizer_only_2013_01_01_2026_04_17_20260421T171734Z,optimizer_only,2013-01-01,2026-04-17,2026-04-21T17:17:34Z,2016-09-08,25,SRF.NS|AARTIIND.NS|PIIND.NS|DEEPAKNTR.NS|BALAMINES.NS|ACC.NS|RAMCOCEM.NS|GRASIM.NS|SHREECEM.NS|AMBUJACEM.NS|JINDALSTEL.NS|JSWSTEEL.NS|COALINDIA.NS|HINDALCO.NS|NMDC.NS|MUTHOOTFIN.NS|BAJAJFINSV.NS|LICHSGFIN.NS|BAJFINANCE.NS|CHOLAFIN.NS|GODREJCP.NS|COLPAL.NS|MARICO.NS|BRITANNIA.NS|ITC.NS,-0.008525098890672449,0.000329410789463611,-0.00885450968013606,0.000307736118322513,0.05812339935960877,0.0003623229423922233,0.36,0.09461538461538462,0.38235294117647056,-0.19999999999999998,-0.19999999999999996,0.0042845308088763304,0.004284530808876332,-0.008185634729535995,-0.008185634729535995
optimizer_only_2013_01_01_2026_04_17_20260421T171734Z,optimizer_only,2013-01-01,2026-04-17,2026-04-21T17:17:34Z,2016-10-06,25,IOC.NS|BPCL.NS|GAIL.NS|PETRONET.NS|ONGC.NS|DEEPAKNTR.NS|AARTIIND.NS|PIIND.NS|SRF.NS|VINATIORGA.NS|TATAELXSI.NS|COFORGE.NS|PERSISTENT.NS|INFY.NS|MPHASIS.NS|JSWSTEEL.NS|COALINDIA.NS|HINDALCO.NS|JINDALSTEL.NS|TATASTEEL.NS|ACC.NS|AMBUJACEM.NS|RAMCOCEM.NS|GRASIM.NS|SHREECEM.NS,-0.03414941081921309,-0.02038942574027551,-0.013759985078937581,-0.018025912311563922,0.05419155446926514,0.0014737779475494234,0.28,-0.11461538461538462,0.35135135135135137,-0.27999999999999997,-0.28,0.0009234399627275354,0.0009234399627275331,-0.010094020905976397,-0.010094020905976395
optimizer_only_2013_01_01_2026_04_17_20260421T171734Z,optimizer_only,2013-01-01,2026-04-17,2026-04-21T17:17:34Z,2016-11-03,25,LICHSGFIN.NS|MUTHOOTFIN.NS|BAJAJFINSV.NS|BAJFINANCE.NS|CHOLAFIN.NS|JSWSTEEL.NS|JINDALSTEL.NS|VEDL.NS|NMDC.NS|TATASTEEL.NS|BPCL.NS|IOC.NS|PETRONET.NS|GAIL.NS|ONGC.NS|ASHOKLEY.NS|TVSMOTOR.NS|BAJAJ-AUTO.NS|BALKRISIND.NS|MARUTI.NS|ULTRACEMCO.NS|ACC.NS|AMBUJACEM.NS|SHREECEM.NS|GRASIM.NS,-0.04458484505128018,-0.04077457184469318,-0.0038102732065870004,0.010494561733919428,0.062340056120550685,-0.03246859184584773,0.32,-0.07153846153846154,0.3157894736842105,-0.17999999999999994,-0.18,-0.027965200715055028,-0.02796520071505502,-0.0140608582144458,-0.014060858214445804
optimizer_only_2013_01_01_2026_04_17_20260421T171734Z,optimizer_only,2013-01-01,2026-04-17,2026-04-21T17:17:34Z,2016-12-01,25,BAJAJFINSV.NS|CHOLAFIN.NS|BAJFINANCE.NS|MUTHOOTFIN.NS|LICHSGFIN.NS|VEDL.NS|HINDALCO.NS|JSWSTEEL.NS|TATASTEEL.NS|NMDC.NS|DEEPAKNTR.NS|SRF.NS|BALAMINES.NS|NAVINFLUOR.NS|PIIND.NS|ABB.NS|AIAENG.NS|BHEL.NS|ADANIPORTS.NS|NTPC.NS|IOC.NS|PETRONET.NS|GAIL.NS|BPCL.NS|ONGC.NS,-0.022515243476727037,-0.025239006446853153,0.002723762970126116,0.002224941019456782,0.03990529212338087,-0.004358928433408835,0.28,-0.07999999999999999,0.3888888888888889,-0.16,-0.16,-0.014019447120219474,-0.01401944712021947,0.00766577970919856,0.007665779709198561
optimizer_only_2013_01_01_2026_04_17_20260421T171734Z,optimizer_only,2013-01-01,2026-04-17,2026-04-21T17:17:34Z,2016-12-29,22,BAJAJFINSV.NS|LICHSGFIN.NS|MUTHOOTFIN.NS|BAJFINANCE.NS|CHOLAFIN.NS|TATASTEEL.NS|HINDALCO.NS|JSWSTEEL.NS|NMDC.NS|VEDL.NS|DLF.NS|PRESTIGE.NS|PHOENIXLTD.NS|GODREJPROP.NS|OBEROIRLTY.NS|BALAMINES.NS|SRF.NS|DEEPAKNTR.NS|AARTIIND.NS|NAVINFLUOR.NS|BHARTIARTL.NS|INDUSTOWER.NS,0.11881875880189216,0.08737015908268665,0.03144859971920551,0.006062874609929164,0.07274501403110337,0.03542549925402025,0.9090909090909091,0.30660643704121965,0.42424242424242425,0.44000000000000006,0.36363636363636365,0.008763788552390966,0.005406471586468355,0.003884502663198146,0.0021380180511917507
optimizer_only_2013_01_01_2026_04_17_20260421T171734Z,optimizer_only,2013-01-01,2026-04-17,2026-04-21T17:17:34Z,2017-01-27,22,BAJAJFINSV.NS|LICHSGFIN.NS|CHOLAFIN.NS|MUTHOOTFIN.NS|BAJFINANCE.NS|AARTIIND.NS|NAVINFLUOR.NS|VINATIORGA.NS|PIIND.NS|SRF.NS|BPCL.NS|PETRONET.NS|IOC.NS|ONGC.NS|GAIL.NS|RAMCOCEM.NS|SHREECEM.NS|ULTRACEMCO.NS|AMBUJACEM.NS|ACC.NS|BHARTIARTL.NS|INDUSTOWER.NS,0.02034870550696904,0.03795000167306554,-0.017601296166096497,0.003821952484904061,0.06632541815211748,-0.004696903378171288,0.6363636363636364,-0.16883116883116886,0.29411764705882354,0.3,0.20454545454545456,0.0729339734426597,0.04340076809476698,0.041364904331487616,0.027266199513471857
optimizer_only_2013_01_01_2026_04_17_20260421T171734Z,optimizer_only,2013-01-01,2026-04-17,2026-04-21T17:17:34Z,2017-02-23,25,SAIL.NS|JINDALSTEL.NS|JSWSTEEL.NS|NMDC.NS|VEDL.NS|BAJAJFINSV.NS|LICHSGFIN.NS|CHOLAFIN.NS|MUTHOOTFIN.NS|BAJFINANCE.NS|GAIL.NS|BPCL.NS|PETRONET.NS|RELIANCE.NS|IOC.NS|AARTIIND.NS|SRF.NS|NAVINFLUOR.NS|PIIND.NS|DEEPAKNTR.NS|ITC.NS|BRITANNIA.NS|MARICO.NS|COLPAL.NS|DABUR.NS,0.03505427829065944,0.021449603589657567,0.013604674701001875,0.010335561864035659,0.04437392318905568,0.03233456988173267,0.64,0.23923076923076922,0.38235294117647056,-0.14,-0.14,-0.017332349475098863,-0.017332349475098863,0.002354459266153312,0.0023544592661533105
optimizer_only_2013_01_01_2026_04_17_20260421T171734Z,optimizer_only,2013-01-01,2026-04-17,2026-04-21T17:17:34Z,2017-03-23,25,NMDC.NS|SAIL.NS|JSWSTEEL.NS|JINDALSTEL.NS|TATASTEEL.NS|BPCL.NS|IOC.NS|PETRONET.NS|GAIL.NS|RELIANCE.NS|GODREJCP.NS|TATACONSUM.NS|MARICO.NS|BRITANNIA.NS|COLPAL.NS|AARTIIND.NS|NAVINFLUOR.NS|PIIND.NS|SRF.NS|VINATIORGA.NS|DLF.NS|BRIGADE.NS|PRESTIGE.NS|PHOENIXLTD.NS|OBEROIRLTY.NS,0.04950640825637127,0.028864860592252992,0.02064154766411828,-0.004480522722276894,0.05349809027065693,-0.034926930583405916,0.76,-0.24461538461538462,0.47058823529411764,0.02000000000000001,0.019999999999999997,0.022881430030700107,0.022881430030700103,0.008627733115336647,0.008627733115336647
optimizer_only_2013_01_01_2026_04_17_20260421T171734Z,optimizer_only,2013-01-01,2026-04-17,2026-04-21T17:17:34Z,2017-04-20,25,NAVINFLUOR.NS|PIIND.NS|AARTIIND.NS|VINATIORGA.NS|SRF.NS|LICHSGFIN.NS|BAJFINANCE.NS|CHOLAFIN.NS|BAJAJFINSV.NS|MUTHOOTFIN.NS|WHIRLPOOL.NS|HAVELLS.NS|VOLTAS.NS|PIDILITIND.NS|TITAN.NS|FEDERALBNK.NS|ICICIBANK.NS|IDFCFIRSTB.NS|AXISBANK.NS|KOTAKBANK.NS|PETRONET.NS|BPCL.NS|GAIL.NS|IOC.NS|RELIANCE.NS,0.02481962207584086,0.02064387002718239,0.004175752048658471,0.013216399491571466,0.05671376929885425,0.018826786083890254,0.6,-0.006153846153846154,0.25,0.18,0.17999999999999997,0.01956344917175687,0.019563449171756873,0.013489015061106502,0.0134890150611065
optimizer_only_2013_01_01_2026_04_17_20260421T171734Z,optimizer_only,2013-01-01,2026-04-17,2026-04-21T17:17:34Z,2017-05-18,25,LICHSGFIN.NS|MUTHOOTFIN.NS|BAJFINANCE.NS|BAJAJFINSV.NS|CHOLAFIN.NS|BALKRISIND.NS|ASHOKLEY.NS|HEROMOTOCO.NS|M&M.NS|MARUTI.NS|OBEROIRLTY.NS|PRESTIGE.NS|BRIGADE.NS|DLF.NS|GODREJPROP.NS|FEDERALBNK.NS|ICICIBANK.NS|IDFCFIRSTB.NS|AXISBANK.NS|INDUSINDBK.NS|BALAMINES.NS|PIIND.NS|NAVINFLUOR.NS|ALKYLAMINE.NS|AARTIIND.NS,0.04729071824879856,0.01504919001380151,0.03224152823499705,-0.001152294083935798,0.06772386875764988,-0.00046042746569546766,0.72,-0.0876923076923077,0.3157894736842105,2.7755575615628915e-18,1.5543122344752193e-17,0.044285867323469494,0.04428586732346949,0.0211127430405859,0.021112743040585902
optimizer_only_2013_01_01_2026_04_17_20260421T171734Z,optimizer_only,2013-01-01,2026-04-17,2026-04-21T17:17:34Z,2017-06-15,25,ALKYLAMINE.NS|BALAMINES.NS|PIIND.NS|NAVINFLUOR.NS|SRF.NS|OBEROIRLTY.NS|BRIGADE.NS|PRESTIGE.NS|PHOENIXLTD.NS|GODREJPROP.NS|LICHSGFIN.NS|MUTHOOTFIN.NS|BAJFINANCE.NS|BAJAJFINSV.NS|CHOLAFIN.NS|ONGC.NS|PETRONET.NS|BPCL.NS|GAIL.NS|IOC.NS|BALKRISIND.NS|TVSMOTOR.NS|MARUTI.NS|ASHOKLEY.NS|M&M.NS,0.020791921123615675,0.032580989760631264,-0.01178906863701559,-0.005078554162481621,0.05885118611613857,-0.019097411749125055,0.6,0.07461538461538461,0.5151515151515151,0.18,0.17999999999999997,-0.015514060340604822,-0.015514060340604824,-0.015106306272407263,-0.015106306272407263
optimizer_only_2013_01_01_2026_04_17_20260421T171734Z,optimizer_only,2013-01-01,2026-04-17,2026-04-21T17:17:34Z,2017-07-13,23,LICHSGFIN.NS|BAJAJFINSV.NS|BAJFINANCE.NS|CHOLAFIN.NS|MUTHOOTFIN.NS|OBEROIRLTY.NS|BRIGADE.NS|PHOENIXLTD.NS|GODREJPROP.NS|PRESTIGE.NS|FORTIS.NS|APOLLOHOSP.NS|LALPATHLAB.NS|TECHM.NS|INFY.NS|MPHASIS.NS|TCS.NS|WIPRO.NS|HINDALCO.NS|TATASTEEL.NS|JSWSTEEL.NS|VEDL.NS|SAIL.NS,0.006963203892366752,-0.025537181316692883,0.03250038520905964,0.02369460590199362,0.07011097388845236,0.043558014180519154,0.43478260869565216,0.19466403162055337,0.2631578947368421,-0.020000000000000018,0.021739130434782608,0.0165486918442636,0.020075841501067684,0.009362860370648648,0.012265155116703607
optimizer_only_2013_01_01_2026_04_17_20260421T171734Z,optimizer_only,2013-01-01,2026-04-17,2026-04-21T17:17:34Z,2017-08-10,23,LICHSGFIN.NS|MUTHOOTFIN.NS|BAJAJFINSV.NS|CHOLAFIN.NS|BAJFINANCE.NS|FORTIS.NS|LALPATHLAB.NS|APOLLOHOSP.NS|TATASTEEL.NS|HINDALCO.NS|VEDL.NS|JSWSTEEL.NS|JINDALSTEL.NS|LTIM.NS|TECHM.NS|PERSISTENT.NS|MPHASIS.NS|COFORGE.NS|BALKRISIND.NS|TVSMOTOR.NS|ASHOKLEY.NS|MARUTI.NS|EICHERMOT.NS,0.07093736246567771,0.05038810071772455,0.020549261747953157,0.0006262982503682335,0.05237985830227441,0.007563588301723587,0.9565217391304348,-0.16205533596837948,0.4375,-0.31999999999999995,-0.391304347826087,-0.0060504380005742455,-0.014834499833926021,-0.01375533984698093,-0.01495145635541405
optimizer_only_2013_01_01_2026_04_17_20260421T171734Z,optimizer_only,2013-01-01,2026-04-17,2026-04-21T17:17:34Z,2017-09-07,25,LICHSGFIN.NS|CHOLAFIN.NS|MUTHOOTFIN.NS|BAJAJFINSV.NS|BAJFINANCE.NS|PHOENIXLTD.NS|PRESTIGE.NS|BRIGADE.NS|OBEROIRLTY.NS|DLF.NS|VEDL.NS|JINDALSTEL.NS|TATASTEEL.NS|JSWSTEEL.NS|HINDALCO.NS|AIAENG.NS|ADANIPORTS.NS|BHEL.NS|POWERGRID.NS|NTPC.NS|ALKEM.NS|BIOCON.NS|AUROPHARMA.NS|ZYDUSLIFE.NS|TORNTPHARM.NS,-0.009402504987477,0.003644705571989926,-0.013047210559466926,-0.00011236781998332542,0.054001825227828766,0.03088052552047642,0.4,0.41923076923076924,0.2631578947368421,0.5799999999999998,0.58,0.06089286853072322,0.06089286853072322,0.040464310353743274,0.040464310353743274
optimizer_only_2013_01_01_2026_04_17_20260421T171734Z,optimizer_only,2013-01-01,2026-04-17,2026-04-21T17:17:34Z,2017-10-05,25,COALINDIA.NS|HINDALCO.NS|TATASTEEL.NS|NMDC.NS|JSWSTEEL.NS|BALAMINES.NS|VINATIORGA.NS|AARTIIND.NS|NAVINFLUOR.NS|DEEPAKNTR.NS|PRESTIGE.NS|PHOENIXLTD.NS|OBEROIRLTY.NS|DLF.NS|BRIGADE.NS|MUTHOOTFIN.NS|LICHSGFIN.NS|BAJFINANCE.NS|BAJAJFINSV.NS|CHOLAFIN.NS|MGL.NS|RELIANCE.NS|PETRONET.NS|GAIL.NS|BPCL.NS,0.08420375355044976,0.06741368830943513,0.01679006524101463,0.012200278795795334,0.08825424134378052,-0.0039430986943193025,0.8,-0.20230769230769227,0.35135135135135137,0.039999999999999966,0.04,0.016018416062394764,0.016018416062394767,0.03223538772392319,0.032235387723923196
optimizer_only_2013_01_01_2026_04_17_20260421T171734Z,optimizer_only,2013-01-01,2026-04-17,2026-04-21T17:17:34Z,2017-11-02,22,BHARTIARTL.NS|INDUSTOWER.NS|BAJFINANCE.NS|MUTHOOTFIN.NS|BAJAJFINSV.NS|CHOLAFIN.NS|LICHSGFIN.NS|DLF.NS|PHOENIXLTD.NS|OBEROIRLTY.NS|PRESTIGE.NS|BRIGADE.NS|VINATIORGA.NS|AARTIIND.NS|SRF.NS|PIIND.NS|ALKYLAMINE.NS|SAIL.NS|TATASTEEL.NS|HINDALCO.NS|VEDL.NS|JSWSTEEL.NS,-0.010286241704095013,0.003181947334942247,-0.01346818903903726,0.007286887325393795,0.06474173910832903,-0.022502983002422164,0.3181818181818182,-0.21852060982495766,0.46875,-0.23999999999999994,-0.13636363636363633,-0.038691044191645894,-0.04361506467928239,-0.02170650247217297,-0.02449046458549349
optimizer_only_2013_01_01_2026_04_17_20260421T171734Z,optimizer_only,2013-01-01,2026-04-17,2026-04-21T17:17:34Z,2017-11-30,22,ONGC.NS|RELIANCE.NS|MGL.NS|IOC.NS|GAIL.NS|BAJAJFINSV.NS|BAJFINANCE.NS|CHOLAFIN.NS|LICHSGFIN.NS|MUTHOOTFIN.NS|HINDALCO.NS|JINDALSTEL.NS|VEDL.NS|JSWSTEEL.NS|TATASTEEL.NS|BHARTIARTL.NS|INDUSTOWER.NS|DIVISLAB.NS|BIOCON.NS|ZYDUSLIFE.NS|AUROPHARMA.NS|ALKEM.NS,0.05551632565836264,0.04396761627600769,0.01154870938235495,0.011210176137488719,0.054245122050621514,-0.007421453331123651,0.7272727272727273,0.07171089779785433,0.3333333333333333,0.3999999999999999,0.3181818181818181,0.06281162949909753,0.056264250364380854,0.04273493461763996,0.04100612503229406
optimizer_only_2013_01_01_2026_04_17_20260421T171734Z,optimizer_only,2013-01-01,2026-04-17,2026-04-21T17:17:34Z,2017-12-28,22,BHARTIARTL.NS|INDUSTOWER.NS|CHOLAFIN.NS|BAJFINANCE.NS|MUTHOOTFIN.NS|BAJAJFINSV.NS|LICHSGFIN.NS|SBIN.NS|FEDERALBNK.NS|AXISBANK.NS|ICICIBANK.NS|HDFCBANK.NS|LTTS.NS|PERSISTENT.NS|MPHASIS.NS|WIPRO.NS|TATAELXSI.NS|IOC.NS|ONGC.NS|RELIANCE.NS|PETRONET.NS|MGL.NS,0.02991142083495094,0.035967785358331394,-0.006056364523380455,0.00126581546577121,0.06195700676653975,-0.0076520898850113254,0.5909090909090909,-0.09542631281761718,0.3333333333333333,-0.059999999999999984,0.06818181818181819,0.0086571658369236,0.020873210383698108,0.004826761144955544,0.011002716812864672
optimizer_only_2013_01_01_2026_04_17_20260421T171734Z,optimizer_only,2013-01-01,2026-04-17,2026-04-21T17:17:34Z,2018-01-25,25,VINATIORGA.NS|NAVINFLUOR.NS|BALAMINES.NS|ALKYLAMINE.NS|AARTIIND.NS|SAIL.NS|HINDALCO.NS|TATASTEEL.NS|VEDL.NS|JINDALSTEL.NS|PRESTIGE.NS|BRIGADE.NS|GODREJPROP.NS|OBEROIRLTY.NS|PHOENIXLTD.NS|DABUR.NS|HINDUNILVR.NS|NESTLEIND.NS|GODREJCP.NS|MARICO.NS|LTTS.NS|MPHASIS.NS|WIPRO.NS|TCS.NS|PERSISTENT.NS,-0.05575659133826164,-0.056001374343637195,0.0002447830053755526,0.008474181529389418,0.06581521257134355,-0.007954859029270143,0.2,-0.19769230769230767,0.09302325581395349,0.039999999999999966,0.039999999999999966,0.007525888993542185,0.007525888993542185,0.015973428015133802,0.0159734280151338
optimizer_only_2013_01_01_2026_04_17_20260421T171734Z,optimizer_only,2013-01-01,2026-04-17,2026-04-21T17:17:34Z,2018-02-22,25,HINDALCO.NS|VEDL.NS|TATASTEEL.NS|JINDALSTEL.NS|SAIL.NS|OBEROIRLTY.NS|PRESTIGE.NS|GODREJPROP.NS|BRIGADE.NS|DLF.NS|VINATIORGA.NS|ALKYLAMINE.NS|BALAMINES.NS|NAVINFLUOR.NS|SRF.NS|NESTLEIND.NS|HINDUNILVR.NS|DABUR.NS|ITC.NS|GODREJCP.NS|TATAELXSI.NS|MPHASIS.NS|LTTS.NS|TECHM.NS|PERSISTENT.NS,-0.03785190134663393,-0.02158365023703052,-0.01626825110960341,-0.007855944633731177,0.04491699212063652,0.012276476185219373,0.32,0.12461538461538461,0.6666666666666666,-0.039999999999999994,-0.039999999999999966,-0.003736208146399611,-0.0037362081463996116,0.003393821832717124,0.003393821832717124
optimizer_only_2013_01_01_2026_04_17_20260421T171734Z,optimizer_only,2013-01-01,2026-04-17,2026-04-21T17:17:34Z,2018-03-22,25,VINATIORGA.NS|DEEPAKNTR.NS|BALAMINES.NS|PIIND.NS|NAVINFLUOR.NS|OBEROIRLTY.NS|PHOENIXLTD.NS|GODREJPROP.NS|DLF.NS|BRIGADE.NS|LTIM.NS|MPHASIS.NS|LTTS.NS|PERSISTENT.NS|COFORGE.NS|PIDILITIND.NS|RELAXO.NS|HAVELLS.NS|WHIRLPOOL.NS|TITAN.NS|TATASTEEL.NS|SAIL.NS|VEDL.NS|NMDC.NS|HINDALCO.NS,0.06104277403794688,0.056511161947413055,0.004531612090533828,-0.013333530432960648,0.055196086296826624,0.015611353279338887,0.8,0.07384615384615385,0.3888888888888889,0.36,0.36,0.03881884266807887,0.03881884266807886,0.014433973629912366,0.014433973629912366
optimizer_only_2013_01_01_2026_04_17_20260421T171734Z,optimizer_only,2013-01-01,2026-04-17,2026-04-21T17:17:34Z,2018-04-19,25,LTTS.NS|MPHASIS.NS|LTIM.NS|PERSISTENT.NS|COFORGE.NS|OBEROIRLTY.NS|DLF.NS|GODREJPROP.NS|BRIGADE.NS|PRESTIGE.NS|RELAXO.NS|WHIRLPOOL.NS|HAVELLS.NS|DMART.NS|VOLTAS.NS|ADANIPORTS.NS|POWERGRID.NS|BHEL.NS|NTPC.NS|AIAENG.NS|CHOLAFIN.NS|BAJFINANCE.NS|BAJAJFINSV.NS|LICHSGFIN.NS|MUTHOOTFIN.NS,0.022099696749071942,-0.005943335074356606,0.028043031823428547,0.007261257596087925,0.06530949385351502,0.052441320929687014,0.6,0.4076923076923077,0.3157894736842105,0.31999999999999995,0.32,0.05109363995839883,0.05109363995839883,0.019782926386249088,0.019782926386249088
optimizer_only_2013_01_01_2026_04_17_20260421T171734Z,optimizer_only,2013-01-01,2026-04-17,2026-04-21T17:17:34Z,2018-05-17,22,WHIRLPOOL.NS|RELAXO.NS|DMART.NS|VOLTAS.NS|HAVELLS.NS|LTTS.NS|LTIM.NS|MPHASIS.NS|PERSISTENT.NS|COFORGE.NS|SAIL.NS|VEDL.NS|TATASTEEL.NS|JINDALSTEL.NS|JSWSTEEL.NS|INDUSTOWER.NS|BHARTIARTL.NS|BAJFINANCE.NS|CHOLAFIN.NS|BAJAJFINSV.NS|LICHSGFIN.NS|MUTHOOTFIN.NS,0.0055677356276904585,0.0057124806943400505,-0.00014474506664959204,-0.0029582570312998466,0.053578982564551625,0.03798671721259236,0.5909090909090909,0.3540372670807454,0.46875,0.040000000000000015,0.18181818181818182,0.010399070575852432,0.02582004799144295,0.006241081507340785,0.01409359924505621
optimizer_only_2013_01_01_2026_04_17_20260421T171734Z,optimizer_only,2013-01-01,2026-04-17,2026-04-21T17:17:34Z,2018-06-14,25,LTTS.NS|MPHASIS.NS|TECHM.NS|TATAELXSI.NS|LTIM.NS|SAIL.NS|JINDALSTEL.NS|JSWSTEEL.NS|HINDALCO.NS|TATASTEEL.NS|DABUR.NS|HINDUNILVR.NS|TATACONSUM.NS|COLPAL.NS|MARICO.NS|VINATIORGA.NS|NAVINFLUOR.NS|AARTIIND.NS|BALAMINES.NS|DEEPAKNTR.NS|WHIRLPOOL.NS|RELAXO.NS|VOLTAS.NS|DMART.NS|PIDILITIND.NS,-0.014282299287624738,-0.00934418376487962,-0.004938115522745118,-0.007809948815707025,0.05006104931622138,0.008108604392223651,0.36,-0.0015384615384615385,0.3055555555555556,-0.27999999999999997,-0.27999999999999997,-0.008953352583990373,-0.008953352583990376,-0.0020033018069778264,-0.0020033018069778273
optimizer_only_2013_01_01_2026_04_17_20260421T171734Z,optimizer_only,2013-01-01,2026-04-17,2026-04-21T17:17:34Z,2018-07-12,25,HINDUNILVR.NS|DABUR.NS|TATACONSUM.NS|MARICO.NS|GODREJCP.NS|SAIL.NS|JINDALSTEL.NS|VEDL.NS|TATASTEEL.NS|JSWSTEEL.NS|MPHASIS.NS|LTTS.NS|TATAELXSI.NS|TECHM.NS|TCS.NS|WHIRLPOOL.NS|RELAXO.NS|VOLTAS.NS|HAVELLS.NS|PIDILITIND.NS|BALAMINES.NS|NAVINFLUOR.NS|PIIND.NS|VINATIORGA.NS|SRF.NS,0.06363336768253297,0.043187490957111066,0.020445876725421905,0.0068604755586903765,0.06038963215033998,-0.047493556321575654,0.8,-0.08230769230769232,0.6129032258064516,-0.07999999999999999,-0.08,-0.007240123256506861,-0.007240123256506861,0.02177252272677796,0.021772522726777956
optimizer_only_2013_01_01_2026_04_17_20260421T171734Z,optimizer_only,2013-01-01,2026-04-17,2026-04-21T17:17:34Z,2018-08-09,25,SAIL.NS|TATASTEEL.NS|JSWSTEEL.NS|VEDL.NS|NMDC.NS|LTIM.NS|MPHASIS.NS|COFORGE.NS|TATAELXSI.NS|LTTS.NS|TATACONSUM.NS|BRITANNIA.NS|MARICO.NS|HINDUNILVR.NS|COLPAL.NS|BALAMINES.NS|NAVINFLUOR.NS|SRF.NS|PIIND.NS|DEEPAKNTR.NS|WHIRLPOOL.NS|VOLTAS.NS|PIDILITIND.NS|DMART.NS|TITAN.NS,0.016266163627767595,0.02562278075269739,-0.009356617124929793,0.006271732414777687,0.05702694178008507,0.022501313904706267,0.48,0.13076923076923078,0.5151515151515151,-0.039999999999999994,-0.03999999999999997,0.007867901484568524,0.007867901484568524,0.0006672516539439413,0.0006672516539439399
optimizer_only_2013_01_01_2026_04_17_20260421T171734Z,optimizer_only,2013-01-01,2026-04-17,2026-04-21T17:17:34Z,2018-09-06,22,BALAMINES.NS|PIIND.NS|NAVINFLUOR.NS|SRF.NS|DEEPAKNTR.NS|WHIRLPOOL.NS|HAVELLS.NS|PIDILITIND.NS|VOLTAS.NS|DMART.NS|BAJFINANCE.NS|LICHSGFIN.NS|BAJAJFINSV.NS|MUTHOOTFIN.NS|CHOLAFIN.NS|BHARTIARTL.NS|INDUSTOWER.NS|BRITANNIA.NS|TATACONSUM.NS|COLPAL.NS|ITC.NS|HINDUNILVR.NS,-0.11002471449410768,-0.08649870311103725,-0.023526011383070436,0.009603868639299575,0.043519721220063284,0.0287013479850015,0.045454545454545456,0.0694522868435912,0.38235294117647056,-0.58,-0.5227272727272727,-0.05403693863583643,-0.04609024610185166,-0.022664502332633278,-0.01809743329492022
optimizer_only_2013_01_01_2026_04_17_20260421T171734Z,optimizer_only,2013-01-01,2026-04-17,2026-04-21T17:17:34Z,2018-10-04,25,BALAMINES.NS|NAVINFLUOR.NS|PIIND.NS|VINATIORGA.NS|AARTIIND.NS|VOLTAS.NS|RELAXO.NS|TITAN.NS|HAVELLS.NS|DMART.NS|BAJFINANCE.NS|BAJAJFINSV.NS|LICHSGFIN.NS|MUTHOOTFIN.NS|CHOLAFIN.NS|TATAELXSI.NS|MPHASIS.NS|LTTS.NS|LTIM.NS|COFORGE.NS|GODREJPROP.NS|OBEROIRLTY.NS|DLF.NS|PHOENIXLTD.NS|BRIGADE.NS,0.04244391262360444,-0.00016393471685276066,0.0426078473404572,0.0020584121774045315,0.07294286776755027,-0.062281276229815496,0.68,-0.30076923076923073,0.3055555555555556,-0.18,-0.18,-0.06127349801923988,-0.06127349801923989,-0.04724234443230953,-0.04724234443230953
optimizer_only_2013_01_01_2026_04_17_20260421T171734Z,optimizer_only,2013-01-01,2026-04-17,2026-04-21T17:17:34Z,2018-11-01,25,MUTHOOTFIN.NS|BAJFINANCE.NS|LICHSGFIN.NS|BAJAJFINSV.NS|SBILIFE.NS|TATAELXSI.NS|MPHASIS.NS|PERSISTENT.NS|COFORGE.NS|TCS.NS|ULTRACEMCO.NS|RAMCOCEM.NS|ACC.NS|AMBUJACEM.NS|SHREECEM.NS|RELIANCE.NS|PETRONET.NS|MGL.NS|BPCL.NS|ONGC.NS|EICHERMOT.NS|TVSMOTOR.NS|HEROMOTOCO.NS|BALKRISIND.NS|M&M.NS,0.03213660706634911,0.0216555795649672,0.010481027501381912,0.020123711070689897,0.06522009451702107,0.01436311584123275,0.72,0.06846153846153846,0.16279069767441862,0.06000000000000001,0.06,0.0015884966760646546,0.0015884966760646546,0.007109752316617479,0.007109752316617479
optimizer_only_2013_01_01_2026_04_17_20260421T171734Z,optimizer_only,2013-01-01,2026-04-17,2026-04-21T17:17:34Z,2018-11-29,25,BAJFINANCE.NS|MUTHOOTFIN.NS|SBILIFE.NS|HDFCLIFE.NS|LICHSGFIN.NS|LTIM.NS|TATAELXSI.NS|MPHASIS.NS|PERSISTENT.NS|COFORGE.NS|NAVINFLUOR.NS|BALAMINES.NS|PIIND.NS|DEEPAKNTR.NS|VINATIORGA.NS|RELIANCE.NS|MGL.NS|PETRONET.NS|GAIL.NS|ONGC.NS|RAMCOCEM.NS|GRASIM.NS|SHREECEM.NS|AMBUJACEM.NS|ACC.NS,0.02391442061717469,0.008582696815519469,0.01533172380165522,0.0072707376187092524,0.05251568805369145,-0.028656450531990715,0.72,-0.3515384615384615,0.47058823529411764,-0.09999999999999999,-0.1,0.002524611377150704,0.002524611377150704,-0.0009367943097198072,-0.0009367943097198061
optimizer_only_2013_01_01_2026_04_17_20260421T171734Z,optimizer_only,2013-01-01,2026-04-17,2026-04-21T17:17:34Z,2018-12-27,25,TATACONSUM.NS|NESTLEIND.NS|ITC.NS|HINDUNILVR.NS|MARICO.NS|TATAELXSI.NS|PERSISTENT.NS|WIPRO.NS|TCS.NS|LTTS.NS|NMDC.NS|HINDALCO.NS|VEDL.NS|SAIL.NS|TATASTEEL.NS|AIAENG.NS|BHEL.NS|SIEMENS.NS|LT.NS|NTPC.NS|INDUSINDBK.NS|HDFCBANK.NS|KOTAKBANK.NS|SBIN.NS|AXISBANK.NS,-0.023973857676566013,-0.00593773780713262,-0.018036119869433393,-0.0012402516657311945,0.042712123476937904,0.0004610765397105414,0.16,-0.25769230769230766,0.041666666666666664,-0.06,-0.06000000000000002,-0.010991829424590788,-0.010991829424590791,-0.016843274887026548,-0.016843274887026548
optimizer_only_2013_01_01_2026_04_17_20260421T171734Z,optimizer_only,2013-01-01,2026-04-17,2026-04-21T17:17:34Z,2019-01-24,23,MPHASIS.NS|TATAELXSI.NS|PERSISTENT.NS|LTIM.NS|LTTS.NS|OBEROIRLTY.NS|DLF.NS|GODREJPROP.NS|BRIGADE.NS|PHOENIXLTD.NS|FORTIS.NS|LALPATHLAB.NS|APOLLOHOSP.NS|BALAMINES.NS|NAVINFLUOR.NS|VINATIORGA.NS|DEEPAKNTR.NS|AARTIIND.NS|TATACONSUM.NS|NESTLEIND.NS|BRITANNIA.NS|ITC.NS|COLPAL.NS,-0.03952422205352117,-0.0163250544402904,-0.02319916761323077,-0.015708446473041388,0.06166303255112944,0.018192570161796918,0.21739130434782608,0.03853754940711463,0.14285714285714285,0.06000000000000003,0.021739130434782608,0.025581372102748513,0.017539032886141524,0.0021494637492715345,0.002336373640512537
optimizer_only_2013_01_01_2026_04_17_20260421T171734Z,optimizer_only,2013-01-01,2026-04-17,2026-04-21T17:17:34Z,2019-02-21,23,LALPATHLAB.NS|APOLLOHOSP.NS|FORTIS.NS|TATAELXSI.NS|WIPRO.NS|LTTS.NS|COFORGE.NS|MPHASIS.NS|GLENMARK.NS|ZYDUSLIFE.NS|TORNTPHARM.NS|SUNPHARMA.NS|LUPIN.NS|PIDILITIND.NS|ASIANPAINT.NS|HAVELLS.NS|RELAXO.NS|VOLTAS.NS|HINDUNILVR.NS|ITC.NS|BRITANNIA.NS|NESTLEIND.NS|DABUR.NS,0.03584934631646297,0.07097519565228291,-0.03512584933581994,0.0024028633904813025,0.03991509150054291,0.054850721978134134,0.6956521739130435,0.47332015810276684,0.24324324324324326,0.21999999999999997,0.1956521739130435,0.02195905913052994,0.020733262486801553,0.015114064904783179,0.013293051371859422
optimizer_only_2013_01_01_2026_04_17_20260421T171734Z,optimizer_only,2013-01-01,2026-04-17,2026-04-21T17:17:34Z,2019-03-22,23,TATAELXSI.NS|MPHASIS.NS|WIPRO.NS|PERSISTENT.NS|LTIM.NS|VINATIORGA.NS|SRF.NS|NAVINFLUOR.NS|DEEPAKNTR.NS|AARTIIND.NS|APOLLOHOSP.NS|FORTIS.NS|LALPATHLAB.NS|OBEROIRLTY.NS|BRIGADE.NS|PHOENIXLTD.NS|PRESTIGE.NS|GODREJPROP.NS|LUPIN.NS|TORNTPHARM.NS|BIOCON.NS|GLENMARK.NS|ALKEM.NS,0.021955840041639578,0.03208990763904806,-0.01013406759740848,0.017504967723607306,0.04833525767914011,0.011090012795776993,0.4782608695652174,-0.023715415019762844,0.24324324324324326,0.16,0.08695652173913043,0.030953338031128458,0.023001530449572007,0.03883824975271846,0.03565378627710002
optimizer_only_2013_01_01_2026_04_17_20260421T171734Z,optimizer_only,2013-01-01,2026-04-17,2026-04-21T17:17:34Z,2019-04-18,25,TATAELXSI.NS|WIPRO.NS|TECHM.NS|PERSISTENT.NS|LTTS.NS|PHOENIXLTD.NS|PRESTIGE.NS|OBEROIRLTY.NS|GODREJPROP.NS|DLF.NS|MGL.NS|ONGC.NS|GAIL.NS|RELIANCE.NS|PETRONET.NS|DEEPAKNTR.NS|NAVINFLUOR.NS|SRF.NS|VINATIORGA.NS|AARTIIND.NS|GRASIM.NS|ACC.NS|ULTRACEMCO.NS|AMBUJACEM.NS|SHREECEM.NS,-0.0344982806131926,-0.05502719609739377,0.020528915484201167,0.00219348229332665,0.05738235001396957,0.028291209528051624,0.32,0.11153846153846154,0.3333333333333333,0.05999999999999996,0.05999999999999996,0.00621829675816909,0.00621829675816909,-0.00701219340718279,-0.00701219340718279
optimizer_only_2013_01_01_2026_04_17_20260421T171734Z,optimizer_only,2013-01-01,2026-04-17,2026-04-21T17:17:34Z,2019-05-16,25,NMDC.NS|TATASTEEL.NS|JSWSTEEL.NS|SAIL.NS|JINDALSTEL.NS|GODREJPROP.NS|PRESTIGE.NS|OBEROIRLTY.NS|PHOENIXLTD.NS|DLF.NS|ULTRACEMCO.NS|AMBUJACEM.NS|GRASIM.NS|ACC.NS|SHREECEM.NS|BHEL.NS|AIAENG.NS|ADANIPORTS.NS|POWERGRID.NS|LT.NS|RELIANCE.NS|ONGC.NS|GAIL.NS|PETRONET.NS|MGL.NS,0.06449716817094635,0.05611954869017801,0.008377619480768338,-0.001197033163173879,0.040040870348941965,-0.025082739757887364,0.88,-0.06999999999999999,0.42857142857142855,-2.7755575615628915e-18,-6.661338147750939e-18,0.005435965438040778,0.005435965438040778,0.010823358846068675,0.010823358846068675
optimizer_only_2013_01_01_2026_04_17_20260421T171734Z,optimizer_only,2013-01-01,2026-04-17,2026-04-21T17:17:34Z,2019-06-13,25,AIAENG.NS|POWERGRID.NS|CUMMINSIND.NS|BHEL.NS|NTPC.NS|ULTRACEMCO.NS|AMBUJACEM.NS|SHREECEM.NS|GRASIM.NS|RAMCOCEM.NS|INDUSINDBK.NS|KOTAKBANK.NS|FEDERALBNK.NS|IDFCFIRSTB.NS|AXISBANK.NS|TATASTEEL.NS|NMDC.NS|JINDALSTEL.NS|COALINDIA.NS|SAIL.NS|DIVISLAB.NS|TORNTPHARM.NS|SUNPHARMA.NS|GLENMARK.NS|ZYDUSLIFE.NS,-0.023157333542454337,-0.025407003219066627,0.0022496696766122898,-0.009428530036596465,0.04306150858420214,-0.02486188159536265,0.4,0.17846153846153845,0.28205128205128205,0.5199999999999999,0.52,0.05858884410926781,0.05858884410926782,0.027129618451654514,0.027129618451654514
optimizer_only_2013_01_01_2026_04_17_20260421T171734Z,optimizer_only,2013-01-01,2026-04-17,2026-04-21T17:17:34Z,2019-07-11,25,SRF.NS|BALAMINES.NS|VINATIORGA.NS|PIIND.NS|NAVINFLUOR.NS|RELIANCE.NS|ONGC.NS|BPCL.NS|PETRONET.NS|MGL.NS|HDFCBANK.NS|AXISBANK.NS|INDUSINDBK.NS|SBIN.NS|KOTAKBANK.NS|TATAELXSI.NS|HCLTECH.NS|PERSISTENT.NS|WIPRO.NS|LTTS.NS|LT.NS|NTPC.NS|AIAENG.NS|CUMMINSIND.NS|ADANIPORTS.NS,-0.07222728839552356,-0.037605735309244104,-0.034621553086279455,-0.027126243487106093,0.07280899591605369,-0.022930556313665938,0.2,-0.2369230769230769,0.13636363636363635,-0.11999999999999997,-0.11999999999999998,-0.035639897470606766,-0.03563989747060676,-0.03668189987422833,-0.036681899874228326
optimizer_only_2013_01_01_2026_04_17_20260421T171734Z,optimizer_only,2013-01-01,2026-04-17,2026-04-21T17:17:34Z,2019-08-08,20,WIPRO.NS|HCLTECH.NS|TECHM.NS|COFORGE.NS|PERSISTENT.NS|BHARTIARTL.NS|INDUSTOWER.NS|CHOLAFIN.NS|LICHSGFIN.NS|NAM-INDIA.NS|BAJFINANCE.NS|BAJAJFINSV.NS|GODREJCP.NS|BRITANNIA.NS|MARICO.NS|TATACONSUM.NS|HINDUNILVR.NS|FORTIS.NS|LALPATHLAB.NS|APOLLOHOSP.NS,0.01662254070141971,-0.0065304028171749625,0.02315294351859467,-0.0037504512114349816,0.060915378964639166,-0.014923247692555286,0.6,-0.15037593984962402,0.07142857142857142,-0.48,-0.4,-0.07534853708456299,-0.07127554261903846,-0.058199278301314473,-0.055262038802049274
optimizer_only_2013_01_01_2026_04_17_20260421T171734Z,optimizer_only,2013-01-01,2026-04-17,2026-04-21T17:17:34Z,2019-09-05,22,GAIL.NS|RELIANCE.NS|IOC.NS|PETRONET.NS|ONGC.NS|BHARTIARTL.NS|INDUSTOWER.NS|ALKEM.NS|CIPLA.NS|SUNPHARMA.NS|DRREDDY.NS|LUPIN.NS|TECHM.NS|PERSISTENT.NS|WIPRO.NS|TCS.NS|LTTS.NS|VINATIORGA.NS|DEEPAKNTR.NS|AARTIIND.NS|SRF.NS|PIIND.NS,-0.003173994240582444,0.04205064577919333,-0.045224640019775775,0.002768858061818787,0.07343532322735925,0.05395756690314282,0.4090909090909091,0.17560700169395824,0.13513513513513514,-0.13999999999999999,-0.022727272727272697,0.013097985937253804,0.016009692755162345,0.02068687225893157,0.02407061829838193
optimizer_only_2013_01_01_2026_04_17_20260421T171734Z,optimizer_only,2013-01-01,2026-04-17,2026-04-21T17:17:34Z,2019-10-03,22,BHARTIARTL.NS|INDUSTOWER.NS|TATAELXSI.NS|WIPRO.NS|MPHASIS.NS|LTIM.NS|TCS.NS|CIPLA.NS|ALKEM.NS|SUNPHARMA.NS|AUROPHARMA.NS|DRREDDY.NS|AIAENG.NS|CUMMINSIND.NS|LT.NS|NTPC.NS|ABB.NS|ONGC.NS|RELIANCE.NS|MGL.NS|GAIL.NS|PETRONET.NS,0.052704820336096116,0.07714805118957305,-0.02444323085347693,-0.004180065978196013,0.10117295240509257,0.058168959307661396,0.8181818181818182,0.014116318464144554,0.375,0.41999999999999993,0.3409090909090909,0.10097819119189837,0.07098230580789104,0.041962649556354384,0.02580200967713324
optimizer_only_2013_01_01_2026_04_17_20260421T171734Z,optimizer_only,2013-01-01,2026-04-17,2026-04-21T17:17:34Z,2019-10-31,23,FORTIS.NS|LALPATHLAB.NS|APOLLOHOSP.NS|TITAN.NS|ASIANPAINT.NS|DMART.NS|PIDILITIND.NS|VOLTAS.NS|ADANIGREEN.NS|BPCL.NS|MGL.NS|RELIANCE.NS|PETRONET.NS|PIIND.NS|DEEPAKNTR.NS|VINATIORGA.NS|SRF.NS|NAVINFLUOR.NS|BRIGADE.NS|PRESTIGE.NS|DLF.NS|PHOENIXLTD.NS|OBEROIRLTY.NS,0.017700897225667856,0.02123072291317553,-0.0035298256875076726,0.037965511091062255,0.08975646513142092,-0.018066552326272668,0.43478260869565216,-0.14031620553359686,0.07142857142857142,-0.25999999999999995,-0.2391304347826087,0.009487915462980367,0.01206961644753242,0.03244365645813726,0.03702150883357251
optimizer_only_2013_01_01_2026_04_17_20260421T171734Z,optimizer_only,2013-01-01,2026-04-17,2026-04-21T17:17:34Z,2019-11-28,23,FORTIS.NS|APOLLOHOSP.NS|LALPATHLAB.NS|DMART.NS|WHIRLPOOL.NS|TITAN.NS|VOLTAS.NS|PIDILITIND.NS|BAJAJFINSV.NS|CHOLAFIN.NS|MUTHOOTFIN.NS|LICHSGFIN.NS|BAJFINANCE.NS|ALKYLAMINE.NS|SRF.NS|PIIND.NS|AARTIIND.NS|NAVINFLUOR.NS|BRIGADE.NS|PRESTIGE.NS|OBEROIRLTY.NS|PHOENIXLTD.NS|GODREJPROP.NS,0.02093313285581604,-0.0012319570505282221,0.022165089906344262,0.005914976199434736,0.050619823110460864,0.023233681409451166,0.6086956521739131,0.291501976284585,0.4375,-0.07999999999999999,-0.043478260869565216,0.013410629507261285,0.014830490489783276,0.010962151473471796,0.012169101322620791
optimizer_only_2013_01_01_2026_04_17_20260421T171734Z,optimizer_only,2013-01-01,2026-04-17,2026-04-21T17:17:34Z,2019-12-26,23,BAJAJFINSV.NS|LICHSGFIN.NS|MUTHOOTFIN.NS|CHOLAFIN.NS|BAJFINANCE.NS|BRIGADE.NS|OBEROIRLTY.NS|PHOENIXLTD.NS|PRESTIGE.NS|GODREJPROP.NS|APOLLOHOSP.NS|FORTIS.NS|LALPATHLAB.NS|TITAN.NS|HAVELLS.NS|ASIANPAINT.NS|WHIRLPOOL.NS|PIDILITIND.NS|NAVINFLUOR.NS|ALKYLAMINE.NS|PIIND.NS|DEEPAKNTR.NS|SRF.NS,0.07099309456085674,0.055553189159099195,0.015439905401757548,0.01252825276167678,0.05768158548007049,-0.04012550887144625,0.8260869565217391,-0.25296442687747034,0.7692307692307693,0.08,0.0,0.027225915937624932,0.018767526316923994,0.03251539131486725,0.031436245390266404
optimizer_only_2013_01_01_2026_04_17_20260421T171734Z,optimizer_only,2013-01-01,2026-04-17,2026-04-21T17:17:34Z,2020-01-23,23,NAM-INDIA.NS|LICHSGFIN.NS|HDFCAMC.NS|BAJAJFINSV.NS|BAJFINANCE.NS|TITAN.NS|HAVELLS.NS|ASIANPAINT.NS|WHIRLPOOL.NS|VOLTAS.NS|APOLLOHOSP.NS|LALPATHLAB.NS|FORTIS.NS|AXISBANK.NS|IDFCFIRSTB.NS|KOTAKBANK.NS|INDUSINDBK.NS|FEDERALBNK.NS|ULTRACEMCO.NS|ACC.NS|AMBUJACEM.NS|GRASIM.NS|SHREECEM.NS,0.005992687223185522,0.003771072114427307,0.0022216151087582152,-0.0035799426377108724,0.08906690295555138,0.003195081323312441,0.5652173913043478,0.001976284584980237,0.2777777777777778,0.22000000000000003,0.1956521739130435,0.014457751811657218,0.011147495190279553,0.020182906129693236,0.017370489014231747
optimizer_only_2013_01_01_2026_04_17_20260421T171734Z,optimizer_only,2013-01-01,2026-04-17,2026-04-21T17:17:34Z,2020-02-20,23,ADANIGREEN.NS|BPCL.NS|RELIANCE.NS|MGL.NS|GAIL.NS|BRIGADE.NS|PRESTIGE.NS|OBEROIRLTY.NS|PHOENIXLTD.NS|GODREJPROP.NS|COALINDIA.NS|JSWSTEEL.NS|HINDALCO.NS|VEDL.NS|SAIL.NS|LALPATHLAB.NS|FORTIS.NS|APOLLOHOSP.NS|INDUSINDBK.NS|KOTAKBANK.NS|AXISBANK.NS|HDFCBANK.NS|IDFCFIRSTB.NS,-0.3628583212949186,-0.30542174275036355,-0.05743657854455503,0.00579495738663547,0.09507989284999621,-0.003127940590689049,0.0,0.026679841897233204,0.1794871794871795,0.33999999999999997,0.2826086956521739,0.02793606849030298,0.01457628573055617,0.00750851475493382,0.002738357719067685
optimizer_only_2013_01_01_2026_04_17_20260421T171734Z,optimizer_only,2013-01-01,2026-04-17,2026-04-21T17:17:34Z,2020-03-19,25,OBEROIRLTY.NS|PRESTIGE.NS|PHOENIXLTD.NS|DLF.NS|BRIGADE.NS|NTPC.NS|LT.NS|ADANIPORTS.NS|POWERGRID.NS|ABB.NS|PERSISTENT.NS|INFY.NS|WIPRO.NS|TCS.NS|TECHM.NS|ADANIGREEN.NS|ONGC.NS|MGL.NS|ATGL.NS|RELIANCE.NS|BALAMINES.NS|PIIND.NS|SRF.NS|VINATIORGA.NS|DEEPAKNTR.NS,0.12340704194566275,0.12419050508527166,-0.0007834631396089059,0.015769470888800936,0.11486428607378585,0.01999770628248329,0.8,0.07384615384615385,0.17073170731707318,0.2799999999999999,0.28,0.10394680970662988,0.1039468097066299,0.0909463712438632,0.0909463712438632
optimizer_only_2013_01_01_2026_04_17_20260421T171734Z,optimizer_only,2013-01-01,2026-04-17,2026-04-21T17:17:34Z,2020-04-16,22,VEDL.NS|SAIL.NS|HINDALCO.NS|JINDALSTEL.NS|JSWSTEEL.NS|DIVISLAB.NS|ALKEM.NS|BIOCON.NS|TORNTPHARM.NS|ZYDUSLIFE.NS|BHARTIARTL.NS|INDUSTOWER.NS|ADANIGREEN.NS|ATGL.NS|MGL.NS|BPCL.NS|RELIANCE.NS|HAVELLS.NS|DMART.NS|PIDILITIND.NS|VOLTAS.NS|WHIRLPOOL.NS,0.02683248732918789,0.01963780440957917,0.00719468291960872,0.0322694468404568,0.08920915239480406,0.03723499834050564,0.5454545454545454,0.1326933935629588,0.09302325581395349,-0.13999999999999999,-0.02272727272727274,-0.022163874935950612,-0.0014308000474035126,0.005947875755817797,0.018636660457881316
optimizer_only_2013_01_01_2026_04_17_20260421T171734Z,optimizer_only,2013-01-01,2026-04-17,2026-04-21T17:17:34Z,2020-05-14,25,SBIN.NS|AXISBANK.NS|INDUSINDBK.NS|FEDERALBNK.NS|IDFCFIRSTB.NS|HINDALCO.NS|JSWSTEEL.NS|VEDL.NS|SAIL.NS|JINDALSTEL.NS|ABB.NS|CUMMINSIND.NS|AIAENG.NS|LT.NS|SIEMENS.NS|SHREECEM.NS|RAMCOCEM.NS|ULTRACEMCO.NS|GRASIM.NS|ACC.NS|TORNTPHARM.NS|ALKEM.NS|DIVISLAB.NS|BIOCON.NS|DRREDDY.NS,0.09647107576103568,0.0962402438877688,0.00023083187326687626,0.00493030634297295,0.07240491077290084,-0.0006473785715374603,0.88,-0.02692307692307692,0.23684210526315788,-0.3,-0.3,-0.07189238798433391,-0.07189238798433391,-0.0013288959356680687,-0.0013288959356680685
optimizer_only_2013_01_01_2026_04_17_20260421T171734Z,optimizer_only,2013-01-01,2026-04-17,2026-04-21T17:17:34Z,2020-06-11,24,VEDL.NS|HINDALCO.NS|JSWSTEEL.NS|JINDALSTEL.NS|TATASTEEL.NS|SBIN.NS|AXISBANK.NS|ICICIBANK.NS|FEDERALBNK.NS|IDFCFIRSTB.NS|APOLLOHOSP.NS|FORTIS.NS|METROPOLIS.NS|LALPATHLAB.NS|GODREJCP.NS|MARICO.NS|ITC.NS|NESTLEIND.NS|DABUR.NS|PHOENIXLTD.NS|PRESTIGE.NS|DLF.NS|OBEROIRLTY.NS|GODREJPROP.NS,0.07168280685228434,0.08062790257720334,-0.008945095724919,0.004154252773943533,0.06986395477884307,-0.010877763809938157,0.875,0.11652173913043477,0.1951219512195122,-0.2,-0.19166666666666665,-0.01031112932049599,-0.008776273004324547,0.010967542631080416,0.011714219413148921
optimizer_only_2013_01_01_2026_04_17_20260421T171734Z,optimizer_only,2013-01-01,2026-04-17,2026-04-21T17:17:34Z,2020-07-09,24,HDFCBANK.NS|IDFCFIRSTB.NS|FEDERALBNK.NS|INDUSINDBK.NS|BANDHANBNK.NS|BALAMINES.NS|AARTIIND.NS|VINATIORGA.NS|NAVINFLUOR.NS|SRF.NS|APOLLOHOSP.NS|FORTIS.NS|METROPOLIS.NS|LALPATHLAB.NS|ABB.NS|POWERGRID.NS|AIAENG.NS|SIEMENS.NS|LT.NS|RAMCOCEM.NS|AMBUJACEM.NS|ACC.NS|SHREECEM.NS|ULTRACEMCO.NS,0.01836961841078648,0.051644315633440865,-0.03327469722265439,-0.014595790231153505,0.06965268364939291,0.03273762385535884,0.5833333333333334,0.14260869565217388,0.14285714285714285,0.41999999999999993,0.3958333333333333,0.0653781012151238,0.06386625762151961,0.01875289458395816,0.017809223848048814
optimizer_only_2013_01_01_2026_04_17_20260421T171734Z,optimizer_only,2013-01-01,2026-04-17,2026-04-21T17:17:34Z,2020-08-06,21,COALINDIA.NS|TATASTEEL.NS|NMDC.NS|HINDALCO.NS|JSWSTEEL.NS|INDUSTOWER.NS|BHARTIARTL.NS|GLENMARK.NS|ALKEM.NS|AUROPHARMA.NS|TORNTPHARM.NS|BIOCON.NS|APOLLOHOSP.NS|FORTIS.NS|LALPATHLAB.NS|METROPOLIS.NS|ALKYLAMINE.NS|AARTIIND.NS|SRF.NS|VINATIORGA.NS|PIIND.NS,0.05434042607564994,0.06549074038411357,-0.011150314308463624,-0.0035581749731980255,0.08798569960945465,-0.024837206161729866,0.7619047619047619,-0.15324675324675324,0.18421052631578946,0.18,0.09047619047619047,0.05059887124448228,0.03953126002737937,0.04343232749891614,0.04069951115463154
optimizer_only_2013_01_01_2026_04_17_20260421T171734Z,optimizer_only,2013-01-01,2026-04-17,2026-04-21T17:17:34Z,2020-09-03,24,GODREJCP.NS|BRITANNIA.NS|NESTLEIND.NS|MARICO.NS|COLPAL.NS|LALPATHLAB.NS|FORTIS.NS|METROPOLIS.NS|APOLLOHOSP.NS|GLENMARK.NS|AUROPHARMA.NS|ALKEM.NS|BIOCON.NS|CIPLA.NS|ADANIGREEN.NS|GAIL.NS|IOC.NS|ATGL.NS|MGL.NS|BRIGADE.NS|PHOENIXLTD.NS|OBEROIRLTY.NS|PRESTIGE.NS|GODREJPROP.NS,0.014114941868661393,-0.0011735912367292608,0.015288533105390655,0.03293006555181965,0.08327847826320056,0.029548959955206625,0.5416666666666666,0.1217391304347826,0.21621621621621623,-0.01999999999999999,-0.004166666666666666,0.004408791262925817,0.008505922371299676,0.02760374119092941,0.028753897073884805
optimizer_only_2013_01_01_2026_04_17_20260421T171734Z,optimizer_only,2013-01-01,2026-04-17,2026-04-21T17:17:34Z,2020-10-01,21,KPITTECH.NS|LTTS.NS|PERSISTENT.NS|TECHM.NS|COFORGE.NS|HAVELLS.NS|ASIANPAINT.NS|VOLTAS.NS|TITAN.NS|RELAXO.NS|BRITANNIA.NS|MARICO.NS|GODREJCP.NS|COLPAL.NS|ITC.NS|LALPATHLAB.NS|FORTIS.NS|METROPOLIS.NS|APOLLOHOSP.NS|INDUSTOWER.NS|BHARTIARTL.NS,0.004948604744292961,0.00962495794517093,-0.004676353200877968,-0.0239561310206748,0.07324712422649085,-0.03524376634725186,0.5714285714285714,-0.016883116883116882,0.21621621621621623,-0.11999999999999997,-0.019047619047619053,0.006168547533901002,0.006568958554980971,0.017305582840174964,0.018854802499955175
optimizer_only_2013_01_01_2026_04_17_20260421T171734Z,optimizer_only,2013-01-01,2026-04-17,2026-04-21T17:17:34Z,2020-10-29,24,TVSMOTOR.NS|HEROMOTOCO.NS|ASHOKLEY.NS|M&M.NS|BAJAJ-AUTO.NS|KPITTECH.NS|PERSISTENT.NS|TCS.NS|TATAELXSI.NS|MPHASIS.NS|AUBANK.NS|FEDERALBNK.NS|IDFCFIRSTB.NS|AXISBANK.NS|BANDHANBNK.NS|FORTIS.NS|METROPOLIS.NS|LALPATHLAB.NS|APOLLOHOSP.NS|ADANIGREEN.NS|ATGL.NS|RELIANCE.NS|GAIL.NS|IOC.NS,0.13341851759427875,0.1295402513583719,0.003878266235906841,0.009335829309866046,0.08840287024789599,0.08915158846711392,0.8333333333333334,0.38,0.15384615384615385,0.27999999999999997,0.2583333333333333,0.056613642620939555,0.05405204875633982,0.04328032412210609,0.04379244093551158
optimizer_only_2013_01_01_2026_04_17_20260421T171734Z,optimizer_only,2013-01-01,2026-04-17,2026-04-21T17:17:34Z,2020-11-26,24,ASHOKLEY.NS|TVSMOTOR.NS|HEROMOTOCO.NS|BAJAJ-AUTO.NS|EICHERMOT.NS|VINATIORGA.NS|ALKYLAMINE.NS|BALAMINES.NS|AARTIIND.NS|SRF.NS|SIEMENS.NS|CUMMINSIND.NS|AIAENG.NS|ABB.NS|POWERGRID.NS|RAMCOCEM.NS|ACC.NS|ULTRACEMCO.NS|AMBUJACEM.NS|SHREECEM.NS|METROPOLIS.NS|LALPATHLAB.NS|FORTIS.NS|APOLLOHOSP.NS,0.016386884304904568,0.0753809784794815,-0.05899409417457693,-0.0020703032042664695,0.05242471176353947,-0.0200555490982191,0.625,0.03739130434782608,0.2,-0.33999999999999997,-0.3125,-0.03013413047125471,-0.02780626468273491,-0.02063095996684709,-0.018484175603118935
optimizer_only_2013_01_01_2026_04_17_20260421T171734Z,optimizer_only,2013-01-01,2026-04-17,2026-04-21T17:17:34Z,2020-12-24,24,POWERGRID.NS|AIAENG.NS|SIEMENS.NS|CUMMINSIND.NS|NTPC.NS|HDFCAMC.NS|LICHSGFIN.NS|SBILIFE.NS|BAJAJFINSV.NS|BAJFINANCE.NS|VOLTAS.NS|ASIANPAINT.NS|TITAN.NS|WHIRLPOOL.NS|HAVELLS.NS|SBIN.NS|AXISBANK.NS|ICICIBANK.NS|AUBANK.NS|HDFCBANK.NS|METROPOLIS.NS|APOLLOHOSP.NS|LALPATHLAB.NS|FORTIS.NS,0.06943047131146955,0.06587567581556457,0.0035547954959049832,0.0020435028207790606,0.07782390295086296,0.018159175634036732,0.9166666666666666,0.1243478260869565,0.2,0.4999999999999999,0.4874999999999999,0.04801975045216755,0.047112942705070694,0.047363676604624726,0.04768803414556457
optimizer_only_2013_01_01_2026_04_17_20260421T171734Z,optimizer_only,2013-01-01,2026-04-17,2026-04-21T17:17:34Z,2021-01-21,24,INDUSINDBK.NS|HDFCBANK.NS|ICICIBANK.NS|KOTAKBANK.NS|AXISBANK.NS|APOLLOHOSP.NS|LALPATHLAB.NS|METROPOLIS.NS|FORTIS.NS|RELIANCE.NS|ATGL.NS|ADANIGREEN.NS|ONGC.NS|GAIL.NS|VOLTAS.NS|WHIRLPOOL.NS|HAVELLS.NS|ASIANPAINT.NS|RELAXO.NS|LICHSGFIN.NS|HDFCAMC.NS|BAJAJFINSV.NS|BAJFINANCE.NS|NAM-INDIA.NS,0.07454632529136573,0.06496182269774782,0.009584502593617913,-0.004685094147189993,0.09879688370119812,-0.003551862421347432,0.75,-0.17130434782608694,0.45454545454545453,0.18,0.15416666666666665,0.050367573333118795,0.04394477943878008,0.020456173348964223,0.01664575347807617
optimizer_only_2013_01_01_2026_04_17_20260421T171734Z,optimizer_only,2013-01-01,2026-04-17,2026-04-21T17:17:34Z,2021-02-18,24,NMDC.NS|TATASTEEL.NS|VEDL.NS|SAIL.NS|JINDALSTEL.NS|METROPOLIS.NS|APOLLOHOSP.NS|FORTIS.NS|LALPATHLAB.NS|SIEMENS.NS|POWERGRID.NS|LT.NS|CUMMINSIND.NS|ABB.NS|ATGL.NS|MGL.NS|ADANIGREEN.NS|IOC.NS|ONGC.NS|BAJAJFINSV.NS|MUTHOOTFIN.NS|BAJFINANCE.NS|SBILIFE.NS|LICHSGFIN.NS,0.012241543313583335,-0.018268926740187295,0.03051047005377063,0.02971053823891734,0.0877539762281877,0.006579885838063765,0.3333333333333333,-0.24608695652173912,0.2631578947368421,0.07999999999999999,0.11666666666666665,0.020822610334065784,0.027011242155395757,0.03716646683685662,0.03934653415502422
optimizer_only_2013_01_01_2026_04_17_20260421T171734Z,optimizer_only,2013-01-01,2026-04-17,2026-04-21T17:17:34Z,2021-03-18,25,DMART.NS|RELAXO.NS|VOLTAS.NS|PIDILITIND.NS|HAVELLS.NS|BANDHANBNK.NS|KOTAKBANK.NS|HDFCBANK.NS|AXISBANK.NS|ICICIBANK.NS|PHOENIXLTD.NS|BRIGADE.NS|GODREJPROP.NS|OBEROIRLTY.NS|PRESTIGE.NS|NMDC.NS|COALINDIA.NS|SAIL.NS|JINDALSTEL.NS|VEDL.NS|LICHSGFIN.NS|BAJAJFINSV.NS|NAM-INDIA.NS|MUTHOOTFIN.NS|BAJFINANCE.NS,0.017617529152534304,0.04639500803818709,-0.028777478885652782,-0.016979689274312017,0.08135317168863491,-0.04105855163116691,0.4,-0.08307692307692309,0.1951219512195122,-0.07999999999999999,-0.08,-0.02047599009072989,-0.02047599009072989,-0.011288099662857567,-0.011288099662857567
optimizer_only_2013_01_01_2026_04_17_20260421T171734Z,optimizer_only,2013-01-01,2026-04-17,2026-04-21T17:17:34Z,2021-04-15,22,HDFCBANK.NS|KOTAKBANK.NS|ICICIBANK.NS|BANDHANBNK.NS|AXISBANK.NS|BHARTIARTL.NS|INDUSTOWER.NS|RELAXO.NS|DMART.NS|VOLTAS.NS|HAVELLS.NS|TITAN.NS|FLUOROCHEM.NS|VINATIORGA.NS|DEEPAKNTR.NS|SRF.NS|PIIND.NS|GODREJPROP.NS|DLF.NS|BRIGADE.NS|PRESTIGE.NS|PHOENIXLTD.NS,-0.0005083094717736265,0.05106396984222077,-0.0515722793139944,-0.021586006556206308,0.07542662595921662,0.013769777597967128,0.5454545454545454,0.13043478260869568,0.38235294117647056,0.21999999999999997,0.11363636363636359,0.02363983297798321,0.017664666180399177,0.007946408307249169,0.004430619247310457
optimizer_only_2013_01_01_2026_04_17_20260421T171734Z,optimizer_only,2013-01-01,2026-04-17,2026-04-21T17:17:34Z,2021-05-14,22,INDUSTOWER.NS|BHARTIARTL.NS|KOTAKBANK.NS|HDFCBANK.NS|AXISBANK.NS|ICICIBANK.NS|FEDERALBNK.NS|GODREJCP.NS|MARICO.NS|DABUR.NS|NESTLEIND.NS|COLPAL.NS|DLF.NS|PHOENIXLTD.NS|GODREJPROP.NS|PRESTIGE.NS|BRIGADE.NS|ULTRACEMCO.NS|GRASIM.NS|SHREECEM.NS|RAMCOCEM.NS|ACC.NS,0.08153802757067873,0.08865155690361205,-0.007113529332933327,-0.0017495720614353538,0.038061673855976606,-0.024405334041857032,0.9545454545454546,-0.3874611846118899,0.3333333333333333,0.03584346366637532,-0.09563242765184622,0.021922465631746334,0.015620393215660293,0.015129822507212055,0.012547230347987976
optimizer_only_2013_01_01_2026_04_17_20260421T171734Z,optimizer_only,2013-01-01,2026-04-17,2026-04-21T17:17:34Z,2021-06-10,25,SAIL.NS|COALINDIA.NS|JINDALSTEL.NS|HINDALCO.NS|VEDL.NS|TATAELXSI.NS|PERSISTENT.NS|LTTS.NS|LTIM.NS|HCLTECH.NS|DEEPAKNTR.NS|FLUOROCHEM.NS|PIIND.NS|AARTIIND.NS|NAVINFLUOR.NS|MGL.NS|BPCL.NS|IOC.NS|ONGC.NS|RELIANCE.NS|HDFCBANK.NS|INDUSINDBK.NS|ICICIBANK.NS|SBIN.NS|AXISBANK.NS,0.005144065325410235,0.0022332583085792512,0.0029108070168309837,0.006950383199967138,0.07027205189629121,0.026141531508307427,0.52,0.17923076923076922,0.06818181818181818,0.23999999999999994,0.24,0.02512702410097283,0.025127024100972825,0.016503315045353312,0.016503315045353312
optimizer_only_2013_01_01_2026_04_17_20260421T171734Z,optimizer_only,2013-01-01,2026-04-17,2026-04-21T17:17:34Z,2021-07-08,24,DEEPAKNTR.NS|AARTIIND.NS|FLUOROCHEM.NS|NAVINFLUOR.NS|VINATIORGA.NS|PERSISTENT.NS|TATAELXSI.NS|LTTS.NS|LTIM.NS|HCLTECH.NS|FORTIS.NS|APOLLOHOSP.NS|LALPATHLAB.NS|METROPOLIS.NS|SAIL.NS|VEDL.NS|JINDALSTEL.NS|COALINDIA.NS|NMDC.NS|DMART.NS|VOLTAS.NS|PIDILITIND.NS|RELAXO.NS|WHIRLPOOL.NS,0.08375176424268882,0.04768727944448621,0.03606448479820261,-0.004846062203408265,0.0812416194198921,0.04409493385151164,0.75,0.2939130434782608,0.3611111111111111,0.4999999999999999,0.5125,0.046292000231615935,0.048893652335060746,0.016562263824250734,0.017252358150261177
optimizer_only_2013_01_01_2026_04_17_20260421T171734Z,optimizer_only,2013-01-01,2026-04-17,2026-04-21T17:17:34Z,2021-08-05,24,DEEPAKNTR.NS|ALKYLAMINE.NS|BALAMINES.NS|VINATIORGA.NS|NAVINFLUOR.NS|TATAELXSI.NS|KPITTECH.NS|PERSISTENT.NS|TCS.NS|MPHASIS.NS|ATGL.NS|BPCL.NS|ADANIGREEN.NS|IOC.NS|MGL.NS|POWERGRID.NS|BHEL.NS|CUMMINSIND.NS|NTPC.NS|ADANIPORTS.NS|FORTIS.NS|LALPATHLAB.NS|APOLLOHOSP.NS|METROPOLIS.NS,0.1033484751071976,0.04448266829480944,0.058865806812388156,0.03876577482374364,0.09514263848533167,0.12607018093813993,0.7916666666666666,0.4060869565217391,0.23076923076923078,0.13999999999999999,0.12916666666666665,0.049005063787710565,0.05129736301510984,0.04458847864903834,0.04644633192608159
optimizer_only_2013_01_01_2026_04_17_20260421T171734Z,optimizer_only,2013-01-01,2026-04-17,2026-04-21T17:17:34Z,2021-09-02,25,ALKYLAMINE.NS|FLUOROCHEM.NS|DEEPAKNTR.NS|VINATIORGA.NS|NAVINFLUOR.NS|TATAELXSI.NS|PERSISTENT.NS|KPITTECH.NS|INFY.NS|TCS.NS|RELAXO.NS|DMART.NS|PIDILITIND.NS|WHIRLPOOL.NS|HAVELLS.NS|AMBUJACEM.NS|GRASIM.NS|ACC.NS|ULTRACEMCO.NS|SHREECEM.NS|APOLLOHOSP.NS|FORTIS.NS|LALPATHLAB.NS|MAXHEALTH.NS|METROPOLIS.NS,-0.005567383607891243,0.03223357986460989,-0.03780096347250113,-0.005805793227717243,0.060809539926827715,0.04978688581243633,0.4,0.050769230769230775,0.32432432432432434,0.15999999999999998,0.15999999999999998,0.04699795615127085,0.04699795615127085,0.02978754767820525,0.02978754767820525
optimizer_only_2013_01_01_2026_04_17_20260421T171734Z,optimizer_only,2013-01-01,2026-04-17,2026-04-21T17:17:34Z,2021-09-30,25,ALKYLAMINE.NS|DEEPAKNTR.NS|PIIND.NS|VINATIORGA.NS|SRF.NS|PERSISTENT.NS|MPHASIS.NS|KPITTECH.NS|COFORGE.NS|TATAELXSI.NS|METROPOLIS.NS|FORTIS.NS|LALPATHLAB.NS|APOLLOHOSP.NS|MAXHEALTH.NS|TATACONSUM.NS|GODREJCP.NS|MARICO.NS|DABUR.NS|NESTLEIND.NS|RELAXO.NS|PIDILITIND.NS|HAVELLS.NS|DMART.NS|VOLTAS.NS,-0.00929851584034005,-0.0095546663981031,0.00025615055776305115,0.014269219069999171,0.06432941222520024,0.030028401657974668,0.32,0.21846153846153843,0.42857142857142855,0.33999999999999997,0.34,0.031355544426241874,0.03135554442624187,0.02958082104039525,0.02958082104039525
optimizer_only_2013_01_01_2026_04_17_20260421T171734Z,optimizer_only,2013-01-01,2026-04-17,2026-04-21T17:17:34Z,2021-10-28,25,RELAXO.NS|VOLTAS.NS|HAVELLS.NS|WHIRLPOOL.NS|ASIANPAINT.NS|RELIANCE.NS|IOC.NS|ADANIGREEN.NS|ONGC.NS|MGL.NS|HEROMOTOCO.NS|BAJAJ-AUTO.NS|BALKRISIND.NS|ASHOKLEY.NS|TVSMOTOR.NS|LALPATHLAB.NS|METROPOLIS.NS|APOLLOHOSP.NS|MAXHEALTH.NS|FORTIS.NS|ABB.NS|NTPC.NS|BHEL.NS|LT.NS|AIAENG.NS,0.023714022352736803,0.011819642655714155,0.011894379697022648,0.00943348777029997,0.0770118512262305,-0.024567493221083543,0.52,-0.13153846153846155,0.19047619047619047,-0.06000000000000001,-0.06000000000000002,-0.03784014672572537,-0.03784014672572536,-0.0214465036955285,-0.0214465036955285
optimizer_only_2013_01_01_2026_04_17_20260421T171734Z,optimizer_only,2013-01-01,2026-04-17,2026-04-21T17:17:34Z,2021-11-25,22,INDUSTOWER.NS|BHARTIARTL.NS|DLF.NS|GODREJPROP.NS|PHOENIXLTD.NS|PRESTIGE.NS|OBEROIRLTY.NS|SHREECEM.NS|GRASIM.NS|ACC.NS|ULTRACEMCO.NS|RAMCOCEM.NS|BALAMINES.NS|SRF.NS|ALKYLAMINE.NS|VINATIORGA.NS|DEEPAKNTR.NS|PIDILITIND.NS|ASIANPAINT.NS|RELAXO.NS|VOLTAS.NS|HAVELLS.NS,-0.02437035177615385,-0.019224089490125707,-0.005146262286028144,0.00269235044051127,0.050746082891989425,-0.013435571073642481,0.36363636363636365,0.0028232636928289105,0.09302325581395349,-0.31999999999999995,-0.22727272727272724,-0.018855881892083853,-0.016954153322724926,-0.005178389622037194,-0.0036480410659025368
optimizer_only_2013_01_01_2026_04_17_20260421T171734Z,optimizer_only,2013-01-01,2026-04-17,2026-04-21T17:17:34Z,2021-12-23,25,FLUOROCHEM.NS|BALAMINES.NS|SRF.NS|ALKYLAMINE.NS|VINATIORGA.NS|GRASIM.NS|ULTRACEMCO.NS|SHREECEM.NS|AMBUJACEM.NS|ACC.NS|ZYDUSLIFE.NS|ALKEM.NS|SUNPHARMA.NS|DIVISLAB.NS|BIOCON.NS|BAJAJFINSV.NS|CHOLAFIN.NS|BAJFINANCE.NS|MUTHOOTFIN.NS|NAM-INDIA.NS|LALPATHLAB.NS|MAXHEALTH.NS|METROPOLIS.NS|APOLLOHOSP.NS|FORTIS.NS,0.033186153061591984,0.04168563056248453,-0.008499477500892548,0.010557973736390835,0.0588997178962007,0.006119757423243707,0.64,-0.03461538461538462,0.20512820512820512,-0.02,-0.019999999999999997,0.02384618281856844,0.02384618281856844,0.027738682860692455,0.02773868286069246
optimizer_only_2013_01_01_2026_04_17_20260421T171734Z,optimizer_only,2013-01-01,2026-04-17,2026-04-21T17:17:34Z,2022-01-20,22,BAJAJFINSV.NS|BAJFINANCE.NS|CHOLAFIN.NS|MUTHOOTFIN.NS|SBILIFE.NS|ZYDUSLIFE.NS|SUNPHARMA.NS|ALKEM.NS|TORNTPHARM.NS|AUROPHARMA.NS|SHREECEM.NS|ULTRACEMCO.NS|GRASIM.NS|ACC.NS|AMBUJACEM.NS|BHARTIARTL.NS|INDUSTOWER.NS|KPITTECH.NS|TATAELXSI.NS|COFORGE.NS|LTTS.NS|MPHASIS.NS,-0.05914026643614245,-0.03996984545239387,-0.019170420983748583,-0.00252001546731478,0.0525740250535565,0.02427284669110813,0.18181818181818182,0.09542631281761718,0.34285714285714286,0.09999999999999999,-0.022727272727272717,0.017054405918976438,0.013802722193735063,0.012178637819089124,0.011050718891868557
optimizer_only_2013_01_01_2026_04_17_20260421T171734Z,optimizer_only,2013-01-01,2026-04-17,2026-04-21T17:17:34Z,2022-02-17,22,KPITTECH.NS|MPHASIS.NS|COFORGE.NS|WIPRO.NS|PERSISTENT.NS|FORTIS.NS|MAXHEALTH.NS|APOLLOHOSP.NS|METROPOLIS.NS|LALPATHLAB.NS|FLUOROCHEM.NS|VINATIORGA.NS|BALAMINES.NS|DEEPAKNTR.NS|SRF.NS|BHARTIARTL.NS|INDUSTOWER.NS|LT.NS|SIEMENS.NS|ABB.NS|AIAENG.NS|POWERGRID.NS,0.01355630219271965,-0.00033576608955948297,0.013892068282279133,0.004176334433883543,0.05388460343709061,-0.0189273314454919,0.6818181818181818,-0.1552795031055901,0.1282051282051282,-0.19999999999999998,-0.36363636363636365,-0.012219827188574745,-0.037052228256757386,-0.0023489489500569645,-0.014252290669025957
optimizer_only_2013_01_01_2026_04_17_20260421T171734Z,optimizer_only,2013-01-01,2026-04-17,2026-04-21T17:17:34Z,2022-03-17,22,AUBANK.NS|FEDERALBNK.NS|ICICIBANK.NS|SBIN.NS|KOTAKBANK.NS|ASIANPAINT.NS|TITAN.NS|WHIRLPOOL.NS|HAVELLS.NS|VOLTAS.NS|FLUOROCHEM.NS|VINATIORGA.NS|SRF.NS|BALAMINES.NS|ALKYLAMINE.NS|KPITTECH.NS|PERSISTENT.NS|MPHASIS.NS|TECHM.NS|TCS.NS|BHARTIARTL.NS|INDUSTOWER.NS,-0.0023428052038096223,0.032011711102461114,-0.03435451630627074,0.006430993973424144,0.047629786908115965,-0.01583808622088998,0.45454545454545453,-0.3314511575381141,0.2571428571428571,-0.25999999999999995,-0.15909090909090906,-0.01124881227519917,-0.012662163831043509,0.0020005141472382044,0.002333600226339373
optimizer_only_2013_01_01_2026_04_17_20260421T171734Z,optimizer_only,2013-01-01,2026-04-17,2026-04-21T17:17:34Z,2022-04-18,22,BHARTIARTL.NS|INDUSTOWER.NS|RAMCOCEM.NS|SHREECEM.NS|ACC.NS|ULTRACEMCO.NS|AMBUJACEM.NS|AUBANK.NS|ICICIBANK.NS|HDFCBANK.NS|SBIN.NS|FEDERALBNK.NS|LUPIN.NS|GLENMARK.NS|BIOCON.NS|AUROPHARMA.NS|TORNTPHARM.NS|LICHSGFIN.NS|HDFCLIFE.NS|CHOLAFIN.NS|BAJAJFINSV.NS|NAM-INDIA.NS,-0.09420643707786022,-0.10367626065057634,0.009469823572716113,0.010649643940364911,0.04763670985833774,-0.03840768572937078,0.09090909090909091,-0.25804630152456237,0.15789473684210525,0.22000000000000003,0.11363636363636367,0.009468932968284214,0.005643868966424874,0.00638190046872124,0.004694018556597814
optimizer_only_2013_01_01_2026_04_17_20260421T171734Z,optimizer_only,2013-01-01,2026-04-17,2026-04-21T17:17:34Z,2022-05-12,25,GODREJPROP.NS|OBEROIRLTY.NS|PRESTIGE.NS|PHOENIXLTD.NS|DLF.NS|SHREECEM.NS|GRASIM.NS|ULTRACEMCO.NS|RAMCOCEM.NS|ACC.NS|KPITTECH.NS|COFORGE.NS|PERSISTENT.NS|LTTS.NS|TECHM.NS|VEDL.NS|JINDALSTEL.NS|HINDALCO.NS|COALINDIA.NS|NMDC.NS|LICHSGFIN.NS|BAJFINANCE.NS|HDFCLIFE.NS|CHOLAFIN.NS|BAJAJFINSV.NS,-0.016564639627205682,0.022982644142922972,-0.03954728377012866,0.005003541377158745,0.07211788947315798,0.06601101118104674,0.36,0.29000000000000004,0.20512820512820512,-0.07999999999999999,-0.07999999999999999,-0.03621151308969488,-0.03621151308969488,-0.011678447249697094,-0.011678447249697094
optimizer_only_2013_01_01_2026_04_17_20260421T171734Z,optimizer_only,2013-01-01,2026-04-17,2026-04-21T17:17:34Z,2022-06-09,25,TATACONSUM.NS|NESTLEIND.NS|MARICO.NS|DABUR.NS|BRITANNIA.NS|AUBANK.NS|AXISBANK.NS|KOTAKBANK.NS|HDFCBANK.NS|FEDERALBNK.NS|VEDL.NS|COALINDIA.NS|NMDC.NS|HINDALCO.NS|JINDALSTEL.NS|CHOLAFIN.NS|BAJFINANCE.NS|LICHSGFIN.NS|HDFCAMC.NS|MUTHOOTFIN.NS|RAMCOCEM.NS|SHREECEM.NS|GRASIM.NS|ACC.NS|ULTRACEMCO.NS,-0.0024400713604699927,-0.0025444160569987524,0.00010434469652875972,-0.007833426696307523,0.04969043114114552,-0.06367141450221236,0.56,-0.33384615384615385,0.35135135135135137,-0.5399999999999999,-0.54,-0.04696102632670155,-0.046961026326701544,-0.02927669862717939,-0.02927669862717939
optimizer_only_2013_01_01_2026_04_17_20260421T171734Z,optimizer_only,2013-01-01,2026-04-17,2026-04-21T17:17:34Z,2022-07-07,25,COALINDIA.NS|VEDL.NS|SAIL.NS|JINDALSTEL.NS|HINDALCO.NS|CHOLAFIN.NS|BAJFINANCE.NS|HDFCLIFE.NS|LICHSGFIN.NS|MUTHOOTFIN.NS|MGL.NS|ADANIGREEN.NS|BPCL.NS|GAIL.NS|ONGC.NS|ICICIBANK.NS|KOTAKBANK.NS|AXISBANK.NS|BANDHANBNK.NS|AUBANK.NS|LTTS.NS|MPHASIS.NS|COFORGE.NS|LTIM.NS|KPITTECH.NS,0.09354351657014334,0.08328959888519662,0.010253917684946726,0.014162767646711929,0.08256484970436037,0.0698121283865378,0.88,0.5392307692307693,0.28205128205128205,0.22000000000000003,0.22,0.0437004758056854,0.0437004758056854,0.051154691888198475,0.051154691888198475
optimizer_only_2013_01_01_2026_04_17_20260421T171734Z,optimizer_only,2013-01-01,2026-04-17,2026-04-21T17:17:34Z,2022-08-04,22,LTIM.NS|COFORGE.NS|INFY.NS|TCS.NS|LTTS.NS|BRITANNIA.NS|TATACONSUM.NS|COLPAL.NS|HINDUNILVR.NS|MARICO.NS|INDUSTOWER.NS|BHARTIARTL.NS|OBEROIRLTY.NS|DLF.NS|BRIGADE.NS|PHOENIXLTD.NS|GODREJPROP.NS|VOLTAS.NS|PIDILITIND.NS|RELAXO.NS|DMART.NS|TITAN.NS,0.018571974352247476,0.02735932967665564,-0.008787355324408164,0.004752826051664035,0.04674008576756617,-0.02531519935013695,0.5,-0.18012422360248448,0.06818181818181818,-0.31999999999999995,-0.22727272727272727,-0.01727125887059763,-0.009141180704246538,-0.0037886230067694787,0.0009373714984782486
optimizer_only_2013_01_01_2026_04_17_20260421T171734Z,optimizer_only,2013-01-01,2026-04-17,2026-04-21T17:17:34Z,2022-09-01,25,HINDALCO.NS|JINDALSTEL.NS|TATASTEEL.NS|COALINDIA.NS|VEDL.NS|LTIM.NS|KPITTECH.NS|LTTS.NS|INFY.NS|TCS.NS|BAJAJFINSV.NS|MUTHOOTFIN.NS|HDFCLIFE.NS|HDFCAMC.NS|NAM-INDIA.NS|ZYDUSLIFE.NS|ALKEM.NS|SUNPHARMA.NS|BIOCON.NS|CIPLA.NS|VOLTAS.NS|TITAN.NS|ASIANPAINT.NS|HAVELLS.NS|DMART.NS,-0.026404003855801085,-0.03301765846560124,0.006613654609800158,0.009786227943927174,0.042073008163228585,0.028218251320361334,0.2,0.2069230769230769,0.175,0.23999999999999994,0.23999999999999994,0.036283335044940905,0.03628333504494091,0.02321900152075946,0.02321900152075946
optimizer_only_2013_01_01_2026_04_17_20260421T171734Z,optimizer_only,2013-01-01,2026-04-17,2026-04-21T17:17:34Z,2022-09-29,25,SHREECEM.NS|AMBUJACEM.NS|GRASIM.NS|ULTRACEMCO.NS|ACC.NS|VOLTAS.NS|TITAN.NS|DMART.NS|HAVELLS.NS|PIDILITIND.NS|LTIM.NS|KPITTECH.NS|TECHM.NS|LTTS.NS|WIPRO.NS|AARTIIND.NS|DEEPAKNTR.NS|VINATIORGA.NS|SRF.NS|ALKYLAMINE.NS|DLF.NS|BRIGADE.NS|PRESTIGE.NS|PHOENIXLTD.NS|GODREJPROP.NS,0.021777523069494015,0.03641535466712082,-0.014637831597626806,0.0037227956868095924,0.059106570194152226,0.050011754131173855,0.68,0.23307692307692307,0.16279069767441862,0.16,0.16,0.041605266971185814,0.04160526697118582,0.020428470961742932,0.02042847096174293
optimizer_only_2013_01_01_2026_04_17_20260421T171734Z,optimizer_only,2013-01-01,2026-04-17,2026-04-21T17:17:34Z,2022-10-27,22,APOLLOHOSP.NS|LALPATHLAB.NS|FORTIS.NS|MAXHEALTH.NS|METROPOLIS.NS|BHARTIARTL.NS|INDUSTOWER.NS|TORNTPHARM.NS|SUNPHARMA.NS|CIPLA.NS|BIOCON.NS|AUROPHARMA.NS|VOLTAS.NS|HAVELLS.NS|PIDILITIND.NS|ASIANPAINT.NS|WHIRLPOOL.NS|MUTHOOTFIN.NS|BAJFINANCE.NS|HDFCAMC.NS|LICHSGFIN.NS|CHOLAFIN.NS,-0.009238340902768162,0.0074957228458522466,-0.01673406374862041,-0.010974442385345838,0.055146305886523826,0.06301449310421468,0.5909090909090909,0.4748729531338228,0.06818181818181818,0.18,0.3409090909090909,0.037553716421238455,0.04499354507714421,-0.012138669188578997,-0.012634508596880421
optimizer_only_2013_01_01_2026_04_17_20260421T171734Z,optimizer_only,2013-01-01,2026-04-17,2026-04-21T17:17:34Z,2022-11-24,25,VOLTAS.NS|HAVELLS.NS|ASIANPAINT.NS|PIDILITIND.NS|TITAN.NS|ZYDUSLIFE.NS|GLENMARK.NS|TORNTPHARM.NS|BIOCON.NS|CIPLA.NS|ATGL.NS|RELIANCE.NS|MGL.NS|ADANIGREEN.NS|ONGC.NS|KPITTECH.NS|COFORGE.NS|TATAELXSI.NS|LTTS.NS|PERSISTENT.NS|BALAMINES.NS|NAVINFLUOR.NS|SRF.NS|VINATIORGA.NS|ALKYLAMINE.NS,-0.017850183629856547,-0.007765560781145307,-0.010084622848711242,-0.0037240947707872785,0.03779310873193799,0.0047660137777088985,0.28,-0.07615384615384616,0.175,-0.039999999999999994,-0.04,0.0042977952970925685,0.0042977952970925685,0.000516882698489099,0.0005168826984890984
optimizer_only_2013_01_01_2026_04_17_20260421T171734Z,optimizer_only,2013-01-01,2026-04-17,2026-04-21T17:17:34Z,2022-12-22,25,VOLTAS.NS|HAVELLS.NS|DMART.NS|PIDILITIND.NS|TITAN.NS|TATAELXSI.NS|COFORGE.NS|LTTS.NS|HCLTECH.NS|INFY.NS|SRF.NS|ALKYLAMINE.NS|BALAMINES.NS|NAVINFLUOR.NS|VINATIORGA.NS|ZYDUSLIFE.NS|SUNPHARMA.NS|BIOCON.NS|TORNTPHARM.NS|CIPLA.NS|ASHOKLEY.NS|HEROMOTOCO.NS|BAJAJ-AUTO.NS|SONACOMS.NS|EICHERMOT.NS,-0.014524029397323246,-0.0011332695891785535,-0.013390759808144692,-0.0015636277417259816,0.040475502154560666,0.026175765965043035,0.44,0.20461538461538462,0.47058823529411764,0.33999999999999997,0.34,0.0189512964600732,0.018951296460073205,0.018665597976069037,0.018665597976069037
optimizer_only_2013_01_01_2026_04_17_20260421T171734Z,optimizer_only,2013-01-01,2026-04-17,2026-04-21T17:17:34Z,2023-01-19,22,ADANIGREEN.NS|ATGL.NS|RELIANCE.NS|GAIL.NS|IOC.NS|EICHERMOT.NS|TVSMOTOR.NS|ASHOKLEY.NS|HEROMOTOCO.NS|MARUTI.NS|ABB.NS|BHEL.NS|SIEMENS.NS|AIAENG.NS|CUMMINSIND.NS|BHARTIARTL.NS|INDUSTOWER.NS|COALINDIA.NS|JSWSTEEL.NS|VEDL.NS|NMDC.NS|JINDALSTEL.NS,-0.05282795167876448,-0.014210048104709369,-0.03861790357405511,-0.049049494575221786,0.12192885054837581,0.07680221318919656,0.4090909090909091,0.3540372670807454,0.06818181818181818,0.019999999999999997,-0.11363636363636363,-0.1317856866537332,-0.15698318043973744,-0.1409470456517991,-0.16378045649820108
optimizer_only_2013_01_01_2026_04_17_20260421T171734Z,optimizer_only,2013-01-01,2026-04-17,2026-04-21T17:17:34Z,2023-02-16,22,ULTRACEMCO.NS|GRASIM.NS|ACC.NS|AMBUJACEM.NS|SHREECEM.NS|BHARTIARTL.NS|INDUSTOWER.NS|MPHASIS.NS|HCLTECH.NS|INFY.NS|TCS.NS|KPITTECH.NS|ADANIGREEN.NS|ATGL.NS|RELIANCE.NS|GAIL.NS|BPCL.NS|HEROMOTOCO.NS|EICHERMOT.NS|TVSMOTOR.NS|ASHOKLEY.NS|BAJAJ-AUTO.NS,-0.030146701098510087,-0.03486950676051994,0.004722805662009853,-0.0034228474163317964,0.05491427251555851,-0.02614721681368792,0.22727272727272727,-0.311123658949746,0.29411764705882354,-0.019999999999999997,-0.15909090909090906,-0.02151653184097512,-0.031089226475256814,-0.000720690458725929,-0.004138277485626556
optimizer_only_2013_01_01_2026_04_17_20260421T171734Z,optimizer_only,2013-01-01,2026-04-17,2026-04-21T17:17:34Z,2023-03-16,22,BHARTIARTL.NS|INDUSTOWER.NS|HDFCLIFE.NS|BAJAJFINSV.NS|BAJFINANCE.NS|SBILIFE.NS|CHOLAFIN.NS|ULTRACEMCO.NS|ACC.NS|GRASIM.NS|SHREECEM.NS|AMBUJACEM.NS|HEROMOTOCO.NS|EICHERMOT.NS|TVSMOTOR.NS|M&M.NS|ASHOKLEY.NS|AIAENG.NS|BHEL.NS|ABB.NS|SIEMENS.NS|CUMMINSIND.NS,0.031046085575401727,0.03930321646071488,-0.00825713088531315,0.006610639406446441,0.04369361268251151,0.0399450685086314,0.7727272727272727,0.39243365330321855,0.3333333333333333,0.41999999999999993,0.3409090909090909,0.04512464448016005,0.033357202320137176,0.029998954027402713,0.025129319100208013
optimizer_only_2013_01_01_2026_04_17_20260421T171734Z,optimizer_only,2013-01-01,2026-04-17,2026-04-21T17:17:34Z,2023-04-13,22,COFORGE.NS|KPITTECH.NS|MPHASIS.NS|HCLTECH.NS|LTTS.NS|DMART.NS|PIDILITIND.NS|VOLTAS.NS|ASIANPAINT.NS|HAVELLS.NS|ITC.NS|TATACONSUM.NS|MARICO.NS|BRITANNIA.NS|COLPAL.NS|SRF.NS|NAVINFLUOR.NS|PIIND.NS|DEEPAKNTR.NS|VINATIORGA.NS|BHARTIARTL.NS|INDUSTOWER.NS,0.062279231300976616,0.052065074855350585,0.010214156445626031,0.007995137948998778,0.051357491802545126,0.012808248567448291,0.9090909090909091,0.05477131564088086,0.047619047619047616,-0.19999999999999998,-0.0909090909090909,-0.014892888624494217,-0.006810781352752418,-0.009796084390466319,-0.006075436219807132
optimizer_only_2013_01_01_2026_04_17_20260421T171734Z,optimizer_only,2013-01-01,2026-04-17,2026-04-21T17:17:34Z,2023-05-11,22,INDUSTOWER.NS|BHARTIARTL.NS|TITAN.NS|VOLTAS.NS|PIDILITIND.NS|HAVELLS.NS|ASIANPAINT.NS|ITC.NS|BRITANNIA.NS|HINDUNILVR.NS|GODREJCP.NS|NESTLEIND.NS|ATGL.NS|ADANIGREEN.NS|RELIANCE.NS|MGL.NS|ONGC.NS|BANDHANBNK.NS|HDFCBANK.NS|AUBANK.NS|AXISBANK.NS|ICICIBANK.NS,0.020477892118768104,0.03384118334127691,-0.01336329122250881,-0.0008282285374228278,0.04647266520082401,-0.012234655178755821,0.7272727272727273,0.1394692264257482,0.2222222222222222,2.2204460492503132e-17,0.13636363636363635,-0.008515947221942497,-0.006703116490263942,-0.013938959766060766,-0.014352678875915514
optimizer_only_2013_01_01_2026_04_17_20260421T171734Z,optimizer_only,2013-01-01,2026-04-17,2026-04-21T17:17:34Z,2023-06-08,22,ADANIGREEN.NS|ATGL.NS|RELIANCE.NS|MGL.NS|BPCL.NS|DEEPAKNTR.NS|SRF.NS|NAVINFLUOR.NS|FLUOROCHEM.NS|PIIND.NS|BHARTIARTL.NS|INDUSTOWER.NS|ITC.NS|BRITANNIA.NS|NESTLEIND.NS|GODREJCP.NS|HINDUNILVR.NS|TITAN.NS|VOLTAS.NS|PIDILITIND.NS|HAVELLS.NS|ASIANPAINT.NS,0.022129046087572716,0.047375416306239836,-0.02524637021866712,-0.013304632560469386,0.040546872775223064,-0.023455116293471794,0.7272727272727273,-0.23658949745906271,0.5714285714285714,-0.24,-0.13636363636363635,-0.020365305603179933,-0.02113011748529012,-0.018535471762511774,-0.020056898470965295
optimizer_only_2013_01_01_2026_04_17_20260421T171734Z,optimizer_only,2013-01-01,2026-04-17,2026-04-21T17:17:34Z,2023-07-06,22,SRF.NS|NAVINFLUOR.NS|FLUOROCHEM.NS|DEEPAKNTR.NS|PIIND.NS|AIAENG.NS|SIEMENS.NS|CUMMINSIND.NS|ADANIPORTS.NS|POWERGRID.NS|INDUSINDBK.NS|ICICIBANK.NS|BANDHANBNK.NS|AUBANK.NS|SBIN.NS|CHOLAFIN.NS|HDFCAMC.NS|BAJFINANCE.NS|LICHSGFIN.NS|MUTHOOTFIN.NS|BHARTIARTL.NS|INDUSTOWER.NS,-0.01066163484495557,0.010324999899391087,-0.020986634744346658,-0.007090976514669995,0.042713818847619364,-0.023977443115147955,0.36363636363636365,-0.15302089215132694,0.1891891891891892,0.019999999999999997,0.1590909090909091,0.00876364899815008,0.013911450326688148,0.01015317351958904,0.013514076323019075
optimizer_only_2013_01_01_2026_04_17_20260421T171734Z,optimizer_only,2013-01-01,2026-04-17,2026-04-21T17:17:34Z,2023-08-03,25,ICICIBANK.NS|FEDERALBNK.NS|AUBANK.NS|BANDHANBNK.NS|HDFCBANK.NS|CHOLAFIN.NS|BAJFINANCE.NS|HDFCAMC.NS|LICHSGFIN.NS|BAJAJFINSV.NS|ZYDUSLIFE.NS|DIVISLAB.NS|BIOCON.NS|CIPLA.NS|DRREDDY.NS|ADANIGREEN.NS|ONGC.NS|ATGL.NS|GAIL.NS|MGL.NS|AIAENG.NS|SIEMENS.NS|ADANIPORTS.NS|NTPC.NS|CUMMINSIND.NS,0.007261079677536848,0.013648876591990503,-0.0063877969144536546,0.007839207452378516,0.048688599296451765,-0.000926660648649197,0.56,-0.0723076923076923,0.3055555555555556,0.17999999999999997,0.17999999999999994,0.013726315752587958,0.013726315752587955,0.006032027143950253,0.006032027143950257
optimizer_only_2013_01_01_2026_04_17_20260421T171734Z,optimizer_only,2013-01-01,2026-04-17,2026-04-21T17:17:34Z,2023-08-31,25,EICHERMOT.NS|M&M.NS|ASHOKLEY.NS|BALKRISIND.NS|HEROMOTOCO.NS|SAIL.NS|NMDC.NS|COALINDIA.NS|JSWSTEEL.NS|HINDALCO.NS|DIVISLAB.NS|CIPLA.NS|ALKEM.NS|BIOCON.NS|DRREDDY.NS|BANDHANBNK.NS|HDFCBANK.NS|ICICIBANK.NS|SBIN.NS|KOTAKBANK.NS|AIAENG.NS|CUMMINSIND.NS|ADANIPORTS.NS|POWERGRID.NS|SIEMENS.NS,0.019391708639421235,0.013884700477191491,0.005507008162229744,-0.003819179230087767,0.05879453596291098,0.01764096225794977,0.52,0.02923076923076923,0.28205128205128205,0.059999999999999984,0.059999999999999984,-0.004767449924370311,-0.00476744992437031,0.01863515677986719,0.018635156779867195
optimizer_only_2013_01_01_2026_04_17_20260421T171734Z,optimizer_only,2013-01-01,2026-04-17,2026-04-21T17:17:34Z,2023-09-28,25,JSWSTEEL.NS|VEDL.NS|JINDALSTEL.NS|SAIL.NS|TATASTEEL.NS|KPITTECH.NS|LTTS.NS|MPHASIS.NS|TECHM.NS|HCLTECH.NS|ABB.NS|CUMMINSIND.NS|AIAENG.NS|SIEMENS.NS|ADANIPORTS.NS|DIVISLAB.NS|ZYDUSLIFE.NS|ALKEM.NS|TORNTPHARM.NS|CIPLA.NS|DLF.NS|PRESTIGE.NS|OBEROIRLTY.NS|BRIGADE.NS|PHOENIXLTD.NS,-0.024297113917802916,-0.029861904920576065,0.005564791002773149,8.654906212951341e-05,0.05939746872775312,0.03323765241473159,0.32,0.20076923076923076,0.21951219512195122,0.2,0.2,0.03728278047658442,0.03728278047658442,0.037813830897176146,0.037813830897176146
optimizer_only_2013_01_01_2026_04_17_20260421T171734Z,optimizer_only,2013-01-01,2026-04-17,2026-04-21T17:17:34Z,2023-10-26,25,VEDL.NS|JSWSTEEL.NS|SAIL.NS|JINDALSTEL.NS|TATASTEEL.NS|AIAENG.NS|ABB.NS|SIEMENS.NS|CUMMINSIND.NS|POWERGRID.NS|TORNTPHARM.NS|BIOCON.NS|ALKEM.NS|ZYDUSLIFE.NS|CIPLA.NS|DEEPAKNTR.NS|PIIND.NS|SRF.NS|NAVINFLUOR.NS|FLUOROCHEM.NS|RELIANCE.NS|PETRONET.NS|ADANIGREEN.NS|IOC.NS|ATGL.NS,0.0831318920168778,0.08036928520380825,0.002762606813069557,0.001555480072768432,0.06816042782288334,0.004931730843309209,0.92,0.06230769230769231,0.35135135135135137,0.23999999999999994,0.23999999999999994,-0.0020185770045743207,-0.0020185770045743202,-0.01700936648646273,-0.01700936648646273
optimizer_only_2013_01_01_2026_04_17_20260421T171734Z,optimizer_only,2013-01-01,2026-04-17,2026-04-21T17:17:34Z,2023-11-23,22,LTTS.NS|TATAELXSI.NS|MPHASIS.NS|TECHM.NS|COFORGE.NS|LICHSGFIN.NS|HDFCAMC.NS|BAJFINANCE.NS|CHOLAFIN.NS|SBILIFE.NS|SONACOMS.NS|ASHOKLEY.NS|M&M.NS|BALKRISIND.NS|HEROMOTOCO.NS|AIAENG.NS|ABB.NS|ADANIPORTS.NS|CUMMINSIND.NS|POWERGRID.NS|INDUSTOWER.NS|BHARTIARTL.NS,0.06293264287281557,0.07996438336546559,-0.01703174049265002,-0.00302522063606838,0.052101140317089636,0.014703645263237794,0.7727272727272727,0.29531338226990406,0.09302325581395349,-0.12000000000000002,-1.0092936587501423e-17,0.005687106564437417,0.007004018686417108,-0.0099824427209723,-0.011072986114963044
optimizer_only_2013_01_01_2026_04_17_20260421T171734Z,optimizer_only,2013-01-01,2026-04-17,2026-04-21T17:17:34Z,2023-12-21,25,RAMCOCEM.NS|ULTRACEMCO.NS|AMBUJACEM.NS|ACC.NS|SHREECEM.NS|NAVINFLUOR.NS|SRF.NS|DEEPAKNTR.NS|PIIND.NS|ALKYLAMINE.NS|LALPATHLAB.NS|METROPOLIS.NS|MAXHEALTH.NS|FORTIS.NS|APOLLOHOSP.NS|ALKEM.NS|LUPIN.NS|ZYDUSLIFE.NS|CIPLA.NS|BIOCON.NS|TITAN.NS|HAVELLS.NS|DMART.NS|ASIANPAINT.NS|VOLTAS.NS,0.019443235785617678,0.03654315729875119,-0.017099921513133512,-0.008522113970090221,0.050508742163707876,-0.010920283577510943,0.6,-0.2953846153846154,0.0,-0.5199999999999999,-0.5199999999999999,-0.05330634351498083,-0.05330634351498082,-0.04063607564468554,-0.04063607564468554
optimizer_only_2013_01_01_2026_04_17_20260421T171734Z,optimizer_only,2013-01-01,2026-04-17,2026-04-21T17:17:34Z,2024-01-18,22,AUBANK.NS|IDFCFIRSTB.NS|INDUSINDBK.NS|SBIN.NS|BANDHANBNK.NS|CUMMINSIND.NS|BHEL.NS|SIEMENS.NS|NTPC.NS|ABB.NS|LTTS.NS|TATAELXSI.NS|MPHASIS.NS|LTIM.NS|KPITTECH.NS|BHARTIARTL.NS|INDUSTOWER.NS|ALKEM.NS|CIPLA.NS|BIOCON.NS|ZYDUSLIFE.NS|GLENMARK.NS,0.03046973611278586,0.03860665357599422,-0.008136917463208361,-0.008905036529152558,0.08551413171367428,0.015610672302513725,0.5909090909090909,0.28514963297572,0.09302325581395349,0.27999999999999997,0.1818181818181818,-0.023558091378416482,-0.027644982405461916,0.0013180737663775275,0.0010605990877074153
optimizer_only_2013_01_01_2026_04_17_20260421T171734Z,optimizer_only,2013-01-01,2026-04-17,2026-04-21T17:17:34Z,2024-02-15,22,AUBANK.NS|IDFCFIRSTB.NS|BANDHANBNK.NS|HDFCBANK.NS|SBIN.NS|BHARTIARTL.NS|INDUSTOWER.NS|NAM-INDIA.NS|BAJFINANCE.NS|HDFCLIFE.NS|CHOLAFIN.NS|LICHSGFIN.NS|TITAN.NS|ASIANPAINT.NS|RELAXO.NS|VOLTAS.NS|DMART.NS|JINDALSTEL.NS|VEDL.NS|JSWSTEEL.NS|TATASTEEL.NS|HINDALCO.NS,-0.0037335032909142913,-0.01300173104247277,0.009268227751558479,-0.0014825821117772026,0.04842479595658544,-0.012876791464776868,0.45454545454545453,-0.1902879728966686,0.15789473684210525,-0.19999999999999998,-0.0909090909090909,-0.022584329983571075,-0.019586627316592862,-0.005850327369248558,-0.003609407269049861
optimizer_only_2013_01_01_2026_04_17_20260421T171734Z,optimizer_only,2013-01-01,2026-04-17,2026-04-21T17:17:34Z,2024-03-14,25,ADANIGREEN.NS|ATGL.NS|GAIL.NS|ONGC.NS|MGL.NS|IDFCFIRSTB.NS|ICICIBANK.NS|INDUSINDBK.NS|AUBANK.NS|AXISBANK.NS|ALKEM.NS|CIPLA.NS|BIOCON.NS|DRREDDY.NS|DIVISLAB.NS|BHEL.NS|ADANIPORTS.NS|NTPC.NS|AIAENG.NS|ABB.NS|TVSMOTOR.NS|BALKRISIND.NS|M&M.NS|MARUTI.NS|EICHERMOT.NS,0.05596596554223403,0.06002995525085576,-0.004063989708621735,0.009737640169283723,0.05463217396887189,-0.023029664081807143,0.76,-0.1576923076923077,0.044444444444444446,-0.45999999999999996,-0.4599999999999999,-0.0607327533342791,-0.060732753334279105,-0.028143054389847637,-0.028143054389847637
optimizer_only_2013_01_01_2026_04_17_20260421T171734Z,optimizer_only,2013-01-01,2026-04-17,2026-04-21T17:17:34Z,2024-04-12,25,ASHOKLEY.NS|TVSMOTOR.NS|M&M.NS|BALKRISIND.NS|SONACOMS.NS|LICHSGFIN.NS|BAJFINANCE.NS|NAM-INDIA.NS|HDFCAMC.NS|CHOLAFIN.NS|NMDC.NS|VEDL.NS|JINDALSTEL.NS|SAIL.NS|COALINDIA.NS|TORNTPHARM.NS|DRREDDY.NS|ALKEM.NS|BIOCON.NS|DIVISLAB.NS|BHEL.NS|ADANIPORTS.NS|ABB.NS|AIAENG.NS|NTPC.NS,0.0066160908409713245,-0.016291026238322417,0.022907117079293743,0.006220065832979247,0.0534078783688505,0.0012015267300494654,0.56,-0.015384615384615384,0.3157894736842105,0.17999999999999997,0.17999999999999997,0.009405713211613074,0.009405713211613074,0.00043114419664616875,0.0004311441966461682
optimizer_only_2013_01_01_2026_04_17_20260421T171734Z,optimizer_only,2013-01-01,2026-04-17,2026-04-21T17:17:34Z,2024-05-09,25,MGL.NS|ONGC.NS|ATGL.NS|GAIL.NS|BPCL.NS|TORNTPHARM.NS|SUNPHARMA.NS|ALKEM.NS|CIPLA.NS|DIVISLAB.NS|TVSMOTOR.NS|HEROMOTOCO.NS|MARUTI.NS|BALKRISIND.NS|M&M.NS|DLF.NS|BRIGADE.NS|GODREJPROP.NS|PRESTIGE.NS|PHOENIXLTD.NS|METROPOLIS.NS|FORTIS.NS|LALPATHLAB.NS|MAXHEALTH.NS|APOLLOHOSP.NS,0.092982980908103,0.06040770268353179,0.032575278224571215,-0.0019116515041743875,0.08273046265875857,-0.012458641971319906,0.76,0.16846153846153847,0.13636363636363635,-0.2,-0.2,-0.04048067411542791,-0.04048067411542791,-0.010121160793447003,-0.010121160793447003
optimizer_only_2013_01_01_2026_04_17_20260421T171734Z,optimizer_only,2013-01-01,2026-04-17,2026-04-21T17:17:34Z,2024-06-06,22,HINDALCO.NS|JINDALSTEL.NS|JSWSTEEL.NS|TATASTEEL.NS|SAIL.NS|IOC.NS|GAIL.NS|MGL.NS|ADANIGREEN.NS|BPCL.NS|ADANIPORTS.NS|BHEL.NS|CUMMINSIND.NS|ABB.NS|SIEMENS.NS|INDUSTOWER.NS|BHARTIARTL.NS|PRESTIGE.NS|DLF.NS|BRIGADE.NS|PHOENIXLTD.NS|GODREJPROP.NS,0.08127202122392685,0.06629463196103966,0.014977389262887192,0.016855796343872274,0.05854324345255325,0.010698601279007916,0.9545454545454546,0.07058159232072277,0.20512820512820512,-0.039999999999999966,-0.18181818181818182,0.0059827527843761665,-0.013981968716984912,0.008345637597135008,-0.0009065966255982254
optimizer_only_2013_01_01_2026_04_17_20260421T171734Z,optimizer_only,2013-01-01,2026-04-17,2026-04-21T17:17:34Z,2024-07-04,22,ABB.NS|CUMMINSIND.NS|BHEL.NS|SIEMENS.NS|LT.NS|INDUSTOWER.NS|BHARTIARTL.NS|RELIANCE.NS|ADANIGREEN.NS|PETRONET.NS|ONGC.NS|BPCL.NS|JSWSTEEL.NS|COALINDIA.NS|JINDALSTEL.NS|TATASTEEL.NS|NMDC.NS|DLF.NS|GODREJPROP.NS|BRIGADE.NS|OBEROIRLTY.NS|PRESTIGE.NS,0.012755697365088277,0.0395112743883875,-0.026755577023299226,-0.014005871887839335,0.05691228489178553,-0.06622982805078043,0.45454545454545453,-0.27159796725014124,0.5172413793103449,0.040000000000000036,-0.09090909090909088,-0.024096176190115004,-0.02781731741695515,-0.0021430969491433075,-0.0026529869517568933
optimizer_only_2013_01_01_2026_04_17_20260421T171734Z,optimizer_only,2013-01-01,2026-04-17,2026-04-21T17:17:34Z,2024-08-01,22,ABB.NS|SIEMENS.NS|CUMMINSIND.NS|BHEL.NS|ADANIPORTS.NS|INDUSTOWER.NS|BHARTIARTL.NS|PRESTIGE.NS|DLF.NS|OBEROIRLTY.NS|GODREJPROP.NS|BRIGADE.NS|TATASTEEL.NS|NMDC.NS|JINDALSTEL.NS|JSWSTEEL.NS|SAIL.NS|RELIANCE.NS|ATGL.NS|PETRONET.NS|ADANIGREEN.NS|BPCL.NS,-0.02965789435782791,0.0014337955845190175,-0.03109168994234693,-0.009716946847441855,0.03272890018685675,-0.03275190727495554,0.2727272727272727,-0.040090344438170535,0.76,0.019999999999999997,0.15909090909090906,0.00395763364396542,0.0050973161708322496,-0.001729467395753783,-0.001665301252920799
optimizer_only_2013_01_01_2026_04_17_20260421T171734Z,optimizer_only,2013-01-01,2026-04-17,2026-04-21T17:17:34Z,2024-08-29,22,INDUSTOWER.NS|BHARTIARTL.NS|COLPAL.NS|MARICO.NS|BRITANNIA.NS|DABUR.NS|HINDUNILVR.NS|NMDC.NS|JINDALSTEL.NS|SAIL.NS|TATASTEEL.NS|JSWSTEEL.NS|MUTHOOTFIN.NS|CHOLAFIN.NS|NAM-INDIA.NS|LICHSGFIN.NS|HDFCAMC.NS|GLENMARK.NS|ZYDUSLIFE.NS|BIOCON.NS|TORNTPHARM.NS|ALKEM.NS,0.0319135698304761,0.0366903142793626,-0.004776744448886497,0.0031941077154433186,0.052619378608016826,-0.01796750823691703,0.6818181818181818,0.17560700169395824,0.1891891891891892,-0.23999999999999994,-0.13636363636363635,-0.042229789735062105,-0.013995317610725151,-0.02078817907725686,-0.006626390861869178
optimizer_only_2013_01_01_2026_04_17_20260421T171734Z,optimizer_only,2013-01-01,2026-04-17,2026-04-21T17:17:34Z,2024-09-26,22,PRESTIGE.NS|PHOENIXLTD.NS|DLF.NS|GODREJPROP.NS|OBEROIRLTY.NS|BHARTIARTL.NS|INDUSTOWER.NS|ASHOKLEY.NS|BAJAJ-AUTO.NS|EICHERMOT.NS|SONACOMS.NS|HEROMOTOCO.NS|ATGL.NS|GAIL.NS|ONGC.NS|MGL.NS|PETRONET.NS|LICHSGFIN.NS|NAM-INDIA.NS|MUTHOOTFIN.NS|BAJFINANCE.NS|CHOLAFIN.NS,-0.08999229858691939,-0.07334021066030365,-0.01665208792661574,0.010482162828828594,0.054149459919385336,-0.009587463587451939,0.13636363636363635,-0.07622811970638058,0.15789473684210525,0.15999999999999998,0.04545454545454545,0.01052834403996926,0.004032560446171427,0.010702051235245886,0.008195688422246229
optimizer_only_2013_01_01_2026_04_17_20260421T171734Z,optimizer_only,2013-01-01,2026-04-17,2026-04-21T17:17:34Z,2024-10-24,25,GLENMARK.NS|BIOCON.NS|ALKEM.NS|TORNTPHARM.NS|AUROPHARMA.NS|ATGL.NS|PETRONET.NS|GAIL.NS|BPCL.NS|MGL.NS|PRESTIGE.NS|PHOENIXLTD.NS|GODREJPROP.NS|BRIGADE.NS|OBEROIRLTY.NS|BHEL.NS|ABB.NS|CUMMINSIND.NS|SIEMENS.NS|AIAENG.NS|NMDC.NS|JINDALSTEL.NS|TATASTEEL.NS|COALINDIA.NS|SAIL.NS,-0.07410769577887752,-0.05712906718388863,-0.016978628594988887,-0.013961108846748862,0.05502033744658099,0.036727036193109,0.16,0.41923076923076924,0.20512820512820512,0.41999999999999993,0.42,0.04486328142290556,0.044863281422905556,0.007168782047012634,0.007168782047012634
optimizer_only_2013_01_01_2026_04_17_20260421T171734Z,optimizer_only,2013-01-01,2026-04-17,2026-04-21T17:17:34Z,2024-11-21,25,RELIANCE.NS|ATGL.NS|MGL.NS|ONGC.NS|BPCL.NS|ZYDUSLIFE.NS|BIOCON.NS|ALKEM.NS|TORNTPHARM.NS|AUROPHARMA.NS|TATAELXSI.NS|PERSISTENT.NS|KPITTECH.NS|HCLTECH.NS|TECHM.NS|ITC.NS|MARICO.NS|COLPAL.NS|NESTLEIND.NS|TATACONSUM.NS|BHEL.NS|SIEMENS.NS|CUMMINSIND.NS|ABB.NS|AIAENG.NS,0.06229566058385814,0.03824688828996562,0.024048772293892517,0.016159889967357625,0.05314877670883446,0.055998174981898144,0.84,0.49538461538461537,0.3157894736842105,0.4,0.4,0.055010972140073666,0.05501097214007366,0.032091000092002685,0.03209100009200268
optimizer_only_2013_01_01_2026_04_17_20260421T171734Z,optimizer_only,2013-01-01,2026-04-17,2026-04-21T17:17:34Z,2024-12-19,22,RELIANCE.NS|ONGC.NS|IOC.NS|BPCL.NS|ATGL.NS|BIOCON.NS|LUPIN.NS|ZYDUSLIFE.NS|ALKEM.NS|AUROPHARMA.NS|BHARTIARTL.NS|INDUSTOWER.NS|FORTIS.NS|METROPOLIS.NS|LALPATHLAB.NS|APOLLOHOSP.NS|MAXHEALTH.NS|BAJAJFINSV.NS|HDFCLIFE.NS|BAJFINANCE.NS|CHOLAFIN.NS|LICHSGFIN.NS,-0.014696982547953185,-0.0420262258584974,0.02732924331054421,0.00407899111142471,0.04635495708876933,0.0368039294568426,0.45454545454545453,0.6126482213438735,0.20512820512820512,0.29999999999999993,0.4772727272727273,0.059584767289341076,0.06837046837726678,0.033687178445351414,0.03861113737122528
optimizer_only_2013_01_01_2026_04_17_20260421T171734Z,optimizer_only,2013-01-01,2026-04-17,2026-04-21T17:17:34Z,2025-01-16,25,RELIANCE.NS|IOC.NS|ONGC.NS|MGL.NS|ATGL.NS|ASIANPAINT.NS|RELAXO.NS|DMART.NS|PIDILITIND.NS|VOLTAS.NS|CUMMINSIND.NS|SIEMENS.NS|ABB.NS|BHEL.NS|POWERGRID.NS|ULTRACEMCO.NS|ACC.NS|SHREECEM.NS|GRASIM.NS|RAMCOCEM.NS|JSWSTEEL.NS|JINDALSTEL.NS|SAIL.NS|NMDC.NS|VEDL.NS,-0.03953184033602977,-0.03237593235406687,-0.007155907981962903,-0.011323198400144029,0.07072916468799761,0.01578061114600382,0.36,-0.11692307692307692,0.09302325581395349,0.2,0.19999999999999996,0.013936805703785152,0.013936805703785152,-0.010148516538959639,-0.01014851653895964
optimizer_only_2013_01_01_2026_04_17_20260421T171734Z,optimizer_only,2013-01-01,2026-04-17,2026-04-21T17:17:34Z,2025-02-13,25,SIEMENS.NS|ABB.NS|CUMMINSIND.NS|AIAENG.NS|LT.NS|AUROPHARMA.NS|ZYDUSLIFE.NS|GLENMARK.NS|BIOCON.NS|LUPIN.NS|VOLTAS.NS|TITAN.NS|WHIRLPOOL.NS|ASIANPAINT.NS|DMART.NS|DABUR.NS|COLPAL.NS|NESTLEIND.NS|BRITANNIA.NS|TATACONSUM.NS|BANDHANBNK.NS|HDFCBANK.NS|ICICIBANK.NS|FEDERALBNK.NS|KOTAKBANK.NS,-0.026829352520861275,-0.0427042978827069,0.015874945361845628,0.00048022237830833576,0.06115596664637829,-0.015605028936320466,0.28,-0.33999999999999997,0.13636363636363635,-0.039999999999999994,-0.039999999999999994,0.01434906932036629,0.01434906932036629,0.0029508937595264044,0.002950893759526404
optimizer_only_2013_01_01_2026_04_17_20260421T171734Z,optimizer_only,2013-01-01,2026-04-17,2026-04-21T17:17:34Z,2025-03-13,25,SIEMENS.NS|AIAENG.NS|ABB.NS|BHEL.NS|LT.NS|RELIANCE.NS|ATGL.NS|MGL.NS|IOC.NS|BPCL.NS|DABUR.NS|BRITANNIA.NS|COLPAL.NS|HINDUNILVR.NS|GODREJCP.NS|TITAN.NS|VOLTAS.NS|ASIANPAINT.NS|WHIRLPOOL.NS|DMART.NS|BALKRISIND.NS|SONACOMS.NS|M&M.NS|EICHERMOT.NS|ASHOKLEY.NS,0.030371193316921712,0.02422881284308902,0.006142380473832691,-0.014898660020671577,0.0640786355186989,-0.06080528226548729,0.6,-0.5123076923076924,0.3157894736842105,-0.6799999999999999,-0.68,-0.11372696935143023,-0.11372696935143024,-0.05031764949652799,-0.05031764949652799
optimizer_only_2013_01_01_2026_04_17_20260421T171734Z,optimizer_only,2013-01-01,2026-04-17,2026-04-21T17:17:34Z,2025-04-11,25,TATAELXSI.NS|MPHASIS.NS|HCLTECH.NS|COFORGE.NS|PERSISTENT.NS|RELIANCE.NS|ATGL.NS|GAIL.NS|IOC.NS|ADANIGREEN.NS|LT.NS|AIAENG.NS|SIEMENS.NS|ABB.NS|CUMMINSIND.NS|GLENMARK.NS|BIOCON.NS|AUROPHARMA.NS|LUPIN.NS|ALKEM.NS|BALKRISIND.NS|M&M.NS|SONACOMS.NS|ASHOKLEY.NS|BAJAJ-AUTO.NS,0.08307948598004124,0.04820166994662126,0.034877816033419974,0.021938371322431968,0.052871476601430274,0.06700240854570623,0.84,0.44461538461538463,0.28205128205128205,0.4,0.4,0.03843380214641403,0.03843380214641403,-0.0046748682008322705,-0.00467486820083227
optimizer_only_2013_01_01_2026_04_17_20260421T171734Z,optimizer_only,2013-01-01,2026-04-17,2026-04-21T17:17:34Z,2025-05-08,22,APOLLOHOSP.NS|LALPATHLAB.NS|FORTIS.NS|MAXHEALTH.NS|METROPOLIS.NS|AMBUJACEM.NS|ACC.NS|RAMCOCEM.NS|ULTRACEMCO.NS|SHREECEM.NS|BHARTIARTL.NS|INDUSTOWER.NS|NAM-INDIA.NS|LICHSGFIN.NS|HDFCAMC.NS|SBILIFE.NS|BAJFINANCE.NS|HDFCBANK.NS|ICICIBANK.NS|KOTAKBANK.NS|AXISBANK.NS|BANDHANBNK.NS,0.03402328072748047,0.050031162266520796,-0.016007881539040328,0.013344171684989315,0.045256076724664245,0.04519769701026095,0.8181818181818182,0.4048560135516658,0.0,0.43999999999999995,0.3636363636363636,0.02724427887027725,0.030587127258437763,0.012429958814913792,0.013938812924417933
optimizer_only_2013_01_01_2026_04_17_20260421T171734Z,optimizer_only,2013-01-01,2026-04-17,2026-04-21T17:17:34Z,2025-06-05,22,ACC.NS|AMBUJACEM.NS|SHREECEM.NS|GRASIM.NS|ULTRACEMCO.NS|LICHSGFIN.NS|NAM-INDIA.NS|MUTHOOTFIN.NS|HDFCAMC.NS|CHOLAFIN.NS|COLPAL.NS|DABUR.NS|HINDUNILVR.NS|ITC.NS|MARICO.NS|LALPATHLAB.NS|FORTIS.NS|MAXHEALTH.NS|APOLLOHOSP.NS|METROPOLIS.NS|BHARTIARTL.NS|INDUSTOWER.NS,0.05286277520522959,0.0374167842879234,0.015445990917306189,0.013051691361103812,0.03451914486086882,-0.02176418286184574,0.8181818181818182,-0.28514963297572,0.4666666666666667,-0.41999999999999993,-0.3409090909090909,-0.024829361608635643,-0.023744029552576203,-0.01540421071289073,-0.015269207854211864
optimizer_only_2013_01_01_2026_04_17_20260421T171734Z,optimizer_only,2013-01-01,2026-04-17,2026-04-21T17:17:34Z,2025-07-03,22,DABUR.NS|HINDUNILVR.NS|ITC.NS|COLPAL.NS|BRITANNIA.NS|ULTRACEMCO.NS|GRASIM.NS|ACC.NS|SHREECEM.NS|AMBUJACEM.NS|BALKRISIND.NS|TVSMOTOR.NS|EICHERMOT.NS|MARUTI.NS|ASHOKLEY.NS|LICHSGFIN.NS|NAM-INDIA.NS|HDFCAMC.NS|CHOLAFIN.NS|MUTHOOTFIN.NS|INDUSTOWER.NS|BHARTIARTL.NS,-0.011755871849188223,-0.02189618527156623,0.010140313422378007,0.011884451982190404,0.0490412196036311,0.005870658036643208,0.2727272727272727,-0.03557312252964427,0.5714285714285714,-0.039999999999999994,0.0909090909090909,0.014814513019736322,0.03092294081642927,0.017297433868097106,0.026700308315292978
optimizer_only_2013_01_01_2026_04_17_20260421T171734Z,optimizer_only,2013-01-01,2026-04-17,2026-04-21T17:17:34Z,2025-07-31,22,LICHSGFIN.NS|NAM-INDIA.NS|HDFCAMC.NS|MUTHOOTFIN.NS|BAJAJFINSV.NS|BHARTIARTL.NS|INDUSTOWER.NS|MAXHEALTH.NS|FORTIS.NS|METROPOLIS.NS|LALPATHLAB.NS|APOLLOHOSP.NS|AARTIIND.NS|DEEPAKNTR.NS|FLUOROCHEM.NS|PIIND.NS|BALAMINES.NS|BALKRISIND.NS|BAJAJ-AUTO.NS|TVSMOTOR.NS|EICHERMOT.NS|SONACOMS.NS,-0.008624497987862521,-0.011808845228748166,0.0031843472408856453,-0.01855330720802979,0.052697463208631064,-0.03287214596704985,0.4090909090909091,-0.37662337662337664,0.2571428571428571,0.11999999999999997,-1.0092936587501423e-17,-0.005630227922285247,-0.014326016031151599,-0.02276369655269222,-0.02983185186960943
optimizer_only_2013_01_01_2026_04_17_20260421T171734Z,optimizer_only,2013-01-01,2026-04-17,2026-04-21T17:17:34Z,2025-08-28,25,LICHSGFIN.NS|NAM-INDIA.NS|HDFCAMC.NS|MUTHOOTFIN.NS|CHOLAFIN.NS|MAXHEALTH.NS|APOLLOHOSP.NS|METROPOLIS.NS|LALPATHLAB.NS|FORTIS.NS|COFORGE.NS|TCS.NS|KPITTECH.NS|LTTS.NS|INFY.NS|AUROPHARMA.NS|LUPIN.NS|SUNPHARMA.NS|GLENMARK.NS|DIVISLAB.NS|JINDALSTEL.NS|COALINDIA.NS|SAIL.NS|NMDC.NS|VEDL.NS,0.03412223540461144,0.022459092034039927,0.011663143370571515,0.0066752464285991285,0.039059760300231755,0.039597742118534986,0.64,0.36692307692307696,0.23684210526315788,-0.24,-0.24,-0.02548432583740955,-0.025484325837409543,-0.010946344451338678,-0.010946344451338677
optimizer_only_2013_01_01_2026_04_17_20260421T171734Z,optimizer_only,2013-01-01,2026-04-17,2026-04-21T17:17:34Z,2025-09-25,25,COFORGE.NS|TCS.NS|LTTS.NS|KPITTECH.NS|LTIM.NS|MAXHEALTH.NS|APOLLOHOSP.NS|METROPOLIS.NS|LALPATHLAB.NS|FORTIS.NS|BRIGADE.NS|GODREJPROP.NS|DLF.NS|OBEROIRLTY.NS|PHOENIXLTD.NS|CHOLAFIN.NS|NAM-INDIA.NS|LICHSGFIN.NS|HDFCAMC.NS|MUTHOOTFIN.NS|AUROPHARMA.NS|SUNPHARMA.NS|DIVISLAB.NS|GLENMARK.NS|BIOCON.NS,0.03976912178701854,0.029920195027970786,0.009848926759047753,-0.0013449452063749817,0.0499479863339165,0.02306003780035795,0.8,0.2069230769230769,0.5625,0.34,0.34,0.055804765987900386,0.05580476598790038,0.022942815467011025,0.02294281546701103
optimizer_only_2013_01_01_2026_04_17_20260421T171734Z,optimizer_only,2013-01-01,2026-04-17,2026-04-21T17:17:34Z,2025-10-23,25,APOLLOHOSP.NS|MAXHEALTH.NS|FORTIS.NS|LALPATHLAB.NS|METROPOLIS.NS|GODREJPROP.NS|PRESTIGE.NS|OBEROIRLTY.NS|DLF.NS|BRIGADE.NS|GLENMARK.NS|TORNTPHARM.NS|AUROPHARMA.NS|BIOCON.NS|LUPIN.NS|VOLTAS.NS|HAVELLS.NS|DMART.NS|ASIANPAINT.NS|WHIRLPOOL.NS|HINDUNILVR.NS|COLPAL.NS|BRITANNIA.NS|TATACONSUM.NS|MARICO.NS,-0.010688181135866361,0.008360210753927858,-0.01904839188979422,0.0008240669297005494,0.050564355641397135,-0.022191866905313558,0.44,-0.14615384615384616,0.3157894736842105,-0.29999999999999993,-0.3,-0.03651052981863028,-0.03651052981863029,-0.008095512327319749,-0.008095512327319747
optimizer_only_2013_01_01_2026_04_17_20260421T171734Z,optimizer_only,2013-01-01,2026-04-17,2026-04-21T17:17:34Z,2025-11-20,22,INDUSTOWER.NS|BHARTIARTL.NS|BALAMINES.NS|FLUOROCHEM.NS|PIIND.NS|AARTIIND.NS|ALKYLAMINE.NS|FORTIS.NS|APOLLOHOSP.NS|MAXHEALTH.NS|METROPOLIS.NS|LALPATHLAB.NS|GODREJPROP.NS|OBEROIRLTY.NS|BRIGADE.NS|DLF.NS|PHOENIXLTD.NS|JINDALSTEL.NS|SAIL.NS|VEDL.NS|TATASTEEL.NS|HINDALCO.NS,-0.03958841852165485,-0.013841850154017954,-0.025746568367636898,0.004561662497075392,0.04599487353890432,0.021791266133411764,0.22727272727272727,0.06267645398080182,0.23684210526315788,0.13999999999999999,0.022727272727272717,-0.0037605414041285714,-0.011271237141299793,0.002498435417028914,-0.0006598161625894446
optimizer_only_2013_01_01_2026_04_17_20260421T171734Z,optimizer_only,2013-01-01,2026-04-17,2026-04-21T17:17:34Z,2025-12-18,22,INDUSTOWER.NS|BHARTIARTL.NS|NAM-INDIA.NS|LICHSGFIN.NS|BAJAJFINSV.NS|MUTHOOTFIN.NS|HDFCLIFE.NS|OBEROIRLTY.NS|GODREJPROP.NS|DLF.NS|PHOENIXLTD.NS|BRIGADE.NS|BPCL.NS|IOC.NS|MGL.NS|GAIL.NS|ADANIGREEN.NS|LT.NS|POWERGRID.NS|ABB.NS|NTPC.NS|ADANIPORTS.NS,-0.01373490997840982,0.008668862864529165,-0.022403772842938985,0.007669466072228834,0.04404561983645901,-0.02194796622510075,0.2727272727272727,-0.09655561829474874,0.1891891891891892,0.18,0.06818181818181818,0.002970931095538626,-0.011045761303799057,0.012098160582182578,0.006537000069024635
optimizer_only_2013_01_01_2026_04_17_20260421T171734Z,optimizer_only,2013-01-01,2026-04-17,2026-04-21T17:17:34Z,2026-01-15,25,BAJAJ-AUTO.NS|MARUTI.NS|M&M.NS|EICHERMOT.NS|HEROMOTOCO.NS|FEDERALBNK.NS|BANDHANBNK.NS|INDUSINDBK.NS|AUBANK.NS|SBIN.NS|ACC.NS|RAMCOCEM.NS|ULTRACEMCO.NS|GRASIM.NS|AMBUJACEM.NS|ZYDUSLIFE.NS|ALKEM.NS|BIOCON.NS|SUNPHARMA.NS|CIPLA.NS|COALINDIA.NS|SAIL.NS|TATASTEEL.NS|JSWSTEEL.NS|JINDALSTEL.NS,0.039878728015684824,0.014243315770771627,0.025635412244913197,0.013638451640480163,0.055364152690604095,-0.007173633007043705,0.68,-0.16153846153846155,0.0,-0.05999999999999996,-0.06,-0.004455299937800433,-0.004455299937800434,-0.017252900527285127,-0.017252900527285123
optimizer_only_2013_01_01_2026_04_17_20260421T171734Z,optimizer_only,2013-01-01,2026-04-17,2026-04-21T17:17:34Z,2026-02-12,22,MUTHOOTFIN.NS|HDFCLIFE.NS|BAJAJFINSV.NS|HDFCAMC.NS|SBILIFE.NS|FEDERALBNK.NS|AUBANK.NS|BANDHANBNK.NS|INDUSINDBK.NS|SBIN.NS|DLF.NS|GODREJPROP.NS|PRESTIGE.NS|OBEROIRLTY.NS|BRIGADE.NS|ABB.NS|BHEL.NS|SIEMENS.NS|LT.NS|NTPC.NS|INDUSTOWER.NS|BHARTIARTL.NS,-0.0733122565366407,-0.06811621493774932,-0.005196041598891379,0.007429181782576846,0.05387962343233437,-0.0026318432555075544,0.22727272727272727,0.1236589497459063,0.11904761904761904,0.21999999999999997,0.11363636363636362,0.01642527655907292,0.013424959787683237,0.009328874959807493,0.007980930666876883
optimizer_only_2013_01_01_2026_04_17_20260421T171734Z,optimizer_only,2013-01-01,2026-04-17,2026-04-21T17:17:34Z,2026-03-12,25,EICHERMOT.NS|TVSMOTOR.NS|MARUTI.NS|BAJAJ-AUTO.NS|M&M.NS|ULTRACEMCO.NS|RAMCOCEM.NS|ACC.NS|GRASIM.NS|SHREECEM.NS|AARTIIND.NS|VINATIORGA.NS|ALKYLAMINE.NS|DEEPAKNTR.NS|PIIND.NS|DLF.NS|PRESTIGE.NS|GODREJPROP.NS|OBEROIRLTY.NS|PHOENIXLTD.NS|HDFCAMC.NS|SBILIFE.NS|BAJAJFINSV.NS|HDFCLIFE.NS|CHOLAFIN.NS,0.01553283484523944,0.006278480203044837,0.009254354642194602,-0.002972276154990105,0.04009211968609577,-0.023278014756627503,0.64,-0.24769230769230768,0.20512820512820512,-0.24,-0.24,-0.013456735381117173,-0.013456735381117175,-0.00832742171842792,-0.008327421718427918
